"","PetID","C5_1","C5_2","C5_3","C5_4"
"8513","2be9fa813","1","4","4","2"
"5590","844dfd2b4","3","4","4","3"
"4594","c32940f0f","3","4","4","3"
"9355","ea03ccbba","2","4","4","2"
"11869","b43e7b1fe","3","4","4","3"
"9643","e639b8dcc","3","4","4","3"
"11733","269a6756f","2","4","4","2"
"9713","9ceada263","3","4","4","3"
"5920","a5f82d04e","3","3","4","3"
"5930","711bebb99","3","4","4","3"
"13450","49ad94a6a","1","1","1","1"
"3777","9ad6f6fae","3","3","4","3"
"4137","5d8c4f66b","2","2","2","2"
"211","4f0eacbdd","3","4","4","3"
"14850","db957842b","3","4","4","2"
"4048","5cabf5331","1","4","4","2"
"14414","10e26690b","3","3","4","3"
"8816","394217006","2","2","2","2"
"11848","a5205f8ab","4","4","4","3"
"3362","3fed382c0","3","4","4","3"
"10523","74a9b9a9e","3","3","4","3"
"7086","a37b96d01","3","4","4","3"
"7484","15dc4c629","2","4","4","1"
"7334","97f683e04","3","3","3","3"
"6929","124eeac80","3","4","4","2"
"3260","0a266921d","1","1","1","1"
"5168","09ca98f7b","2","4","4","2"
"11309","c1a9d98fb","3","4","4","3"
"9854","c457ca802","2","2","1","2"
"13380","4756b380a","2","4","4","3"
"13887","705d4f296","1","4","4","1"
"2363","0cb52145c","2","4","4","2"
"817","137916924","2","3","3","2"
"5096","372d1784a","3","4","4","3"
"1367","1f949d065","3","4","4","3"
"4406","9dfd5312c","3","4","4","3"
"13725","b940cf8b8","3","3","4","3"
"10899","7986a1870","3","4","4","3"
"3732","8f49d2828","3","4","4","2"
"5598","75e343c91","1","1","1","1"
"1474","8bcdd9bef","1","1","1","1"
"8625","f83c963d2","3","4","4","3"
"2797","18c3b1a1a","3","4","4","3"
"9353","0ce5d0b5f","3","4","4","2"
"2519","ecbd85af1","3","4","4","3"
"7690","9dca0bf20","2","2","2","2"
"3977","00eced1f0","3","4","4","2"
"1692","50e061767","3","3","4","3"
"5958","861af7cd5","2","4","4","2"
"6615","bd8224d08","3","3","3","3"
"6430","5ce77d859","3","4","4","3"
"13721","dc76a1735","3","4","4","3"
"7472","6f5eab89b","4","4","4","4"
"6020","cfebb0955","4","4","4","4"
"9048","9b227ae56","2","4","4","2"
"7740","9e11a3158","3","4","4","2"
"2374","6003cc8cf","3","4","4","3"
"6352","43ea3193d","2","4","4","2"
"14097","c03b8b2db","1","4","4","2"
"4119","5474cd2c2","3","3","4","3"
"5103","36f3f7027","4","4","4","4"
"13306","a89f8b241","3","4","4","3"
"14546","6f43738b5","2","2","2","2"
"1901","d1878035a","3","4","4","3"
"9603","a6deb30e1","3","4","4","3"
"3309","8eb5d1d04","3","4","4","3"
"201","06296e4e2","4","4","4","4"
"3164","30fac18f7","3","4","4","2"
"857","2db6c996b","3","3","4","3"
"7298","e15353d1b","3","4","4","3"
"12877","75135cca9","3","4","4","2"
"13147","846ca7805","3","4","4","3"
"3540","9ba11975b","3","4","4","3"
"7996","167fafe7b","3","4","4","2"
"2485","21655a8bc","3","4","4","2"
"3080","0a30968a3","3","4","4","3"
"14733","ece153328","3","4","4","3"
"3972","218f8bb3a","3","4","4","3"
"5002","8106b5f6f","3","4","4","3"
"14525","8a7860ee2","3","4","4","3"
"14738","c46e29741","3","4","4","3"
"7325","d768c4324","3","4","4","3"
"5195","8cb325d19","3","4","4","3"
"8965","fd717a456","4","4","4","4"
"14569","e830259ca","4","4","4","4"
"9141","92b5de07f","3","4","4","2"
"10053","2cdc94986","3","4","4","2"
"14214","3afb76273","3","4","4","3"
"6208","95183dc31","3","4","4","2"
"3370","3480a9d2e","3","4","4","2"
"14271","451d18ba3","3","4","4","3"
"14635","c34b20922","3","4","4","3"
"11107","5accbdfad","3","3","3","3"
"8065","32618b795","3","4","4","2"
"12499","c6f877dda","3","4","4","3"
"5376","edba94b45","3","3","4","3"
"10329","36a9087d7","2","4","4","2"
"12054","bbd898405","3","4","4","2"
"8040","c8c71e90a","3","4","4","2"
"11537","f48b3cebb","3","4","4","3"
"3255","39c02e302","3","4","4","3"
"8604","807e3b981","3","3","3","3"
"13780","979bab13e","3","3","3","3"
"842","b022c1924","3","4","4","2"
"10226","323803a9b","3","4","4","3"
"7448","40843af1e","3","4","4","3"
"6775","e58a12b66","2","4","4","2"
"13899","4d767b639","3","4","4","2"
"3461","503a567ed","2","4","4","2"
"8280","d1b183683","3","4","4","3"
"13468","a8eed143b","2","4","4","2"
"10382","1d8d037a2","3","4","4","3"
"760","7d2fe6bb6","3","4","4","3"
"4768","26428557f","3","4","4","2"
"1030","133a0db2c","3","4","4","2"
"9518","fffd9b5a8","2","4","4","2"
"1580","5e08b9ce5","2","4","4","2"
"6627","abbe2568f","3","4","4","2"
"3811","d61dd6a6b","3","4","4","3"
"9893","3faf2b4d4","1","4","4","2"
"4751","06cc44fad","1","4","4","2"
"5215","98ae607d8","2","4","4","2"
"3228","92ee0c92b","3","4","4","2"
"7668","fe5ed81fd","3","4","4","2"
"3135","d0566e4db","2","4","4","2"
"10311","82905a82e","3","4","4","3"
"9084","6bf713e5d","3","3","4","3"
"2600","ea099a3ec","3","4","4","3"
"8038","07638746f","3","4","4","2"
"1658","40d175d61","1","1","4","1"
"11896","9b53610ea","3","4","4","3"
"2533","67ab87b4a","2","2","4","3"
"8527","48dd04601","2","4","4","2"
"1106","2e6fc0342","4","4","4","4"
"39","deff069a2","3","4","4","3"
"7021","c62324387","3","4","4","2"
"3755","de884d234","3","4","4","3"
"13019","10b669bea","3","4","4","3"
"10678","162e703e6","3","4","4","2"
"1268","07b994326","3","4","4","2"
"11191","7117c4553","3","3","3","3"
"4604","86b3239e9","3","4","4","3"
"12222","9ca31b395","3","4","4","3"
"13835","2e5e35de8","3","4","4","2"
"13962","d1531602c","3","4","4","3"
"5659","1a2c23d4c","2","4","4","2"
"2347","ab8dfa983","3","3","3","3"
"10066","e7da5a824","3","4","4","2"
"11347","d560b8003","3","4","4","1"
"5438","0c0508818","3","4","4","3"
"10528","092b32197","3","3","3","3"
"2875","50abab539","3","4","4","3"
"742","9102809eb","3","4","4","2"
"754","36a216956","2","2","2","2"
"13948","6b42c0d29","3","4","4","3"
"10386","07128a0d8","3","4","4","2"
"14923","734123308","3","4","4","3"
"3662","882021db6","3","4","4","3"
"11197","777f82721","1","1","1","1"
"360","172332f53","1","4","4","2"
"8493","1d669183f","3","4","4","3"
"14294","d1632981e","1","1","1","2"
"3081","e625fc4f4","2","2","2","2"
"14076","605eca728","1","1","4","2"
"1890","41b98eea2","3","3","3","3"
"3188","fb9474822","3","4","4","2"
"1756","143760a33","3","4","4","3"
"9901","548df7912","3","3","3","3"
"1897","8b8c686ec","3","4","4","2"
"9689","4badb22cb","3","4","4","3"
"7450","157f9809a","3","4","4","3"
"8783","082a9b790","3","4","4","3"
"11291","5346481de","3","4","4","2"
"12375","9cda44cdf","3","4","4","3"
"1421","76a063a20","3","3","4","3"
"12485","d412201f6","1","1","1","1"
"5369","18da94e9d","4","4","4","3"
"13679","70900313d","1","1","1","1"
"12861","eb7fedf92","2","4","4","2"
"7524","999d24492","1","1","1","1"
"12581","916c891aa","1","1","4","2"
"14223","11b3fd45f","3","4","4","3"
"9782","021b0b7bd","0","0","4","0"
"5968","8377bfe97","4","4","4","3"
"2856","8df053c7e","3","3","3","3"
"3470","9193c38af","3","4","4","2"
"8468","041cf403e","3","4","4","2"
"10378","db5d27601","3","4","4","3"
"11388","ebef2903c","3","4","4","2"
"7217","308eda964","2","4","4","2"
"10623","3101d2bba","2","2","2","2"
"698","261cbe336","3","4","4","3"
"3991","4c31c7db9","2","2","2","2"
"6412","e742a643d","3","4","4","3"
"6798","1dc007dfa","3","4","4","3"
"10967","3bb43df82","3","4","4","2"
"2496","b4226db5f","1","1","1","1"
"1251","ef73ab8c6","3","4","4","3"
"9719","ca121ab91","3","4","4","3"
"7237","c15c93964","1","1","1","1"
"1256","a2037a7b0","1","1","1","1"
"7280","0f9697729","3","4","4","3"
"7756","6c7251bc8","3","4","4","3"
"6244","bad338993","2","2","2","2"
"1273","a655655d4","3","4","4","3"
"5228","5e8f72190","3","4","4","3"
"10894","d76e9dedd","3","3","3","3"
"14242","3effb8d44","1","4","4","2"
"4860","9ba39bba6","3","4","4","2"
"14287","2ba66d1e1","2","4","4","3"
"2876","66c28f55b","3","4","4","3"
"1080","6e6d8b614","3","4","4","2"
"1170","ab2bb4a0c","2","4","4","3"
"9870","0cf709a59","3","4","4","3"
"4982","2ab616a68","3","4","4","2"
"1497","9c95b7659","1","1","4","2"
"14660","9bc084196","3","4","4","2"
"7445","47ecc7ef4","2","2","2","2"
"13235","ec6bb5fb6","3","4","4","2"
"7087","94dc20e92","3","4","4","3"
"377","ca587cb42","3","4","4","2"
"14020","16ffedcf8","3","4","4","3"
"13078","8c7dbce06","1","1","4","2"
"11773","e8e461026","1","1","1","1"
"2667","1a8503d2f","2","2","2","2"
"6155","bdf4a9ed9","3","4","4","3"
"825","5afe2ebbc","2","2","2","2"
"711","11960b9ed","3","4","4","3"
"6727","7e8c5d816","3","3","4","3"
"2631","fcd19b26b","3","4","4","3"
"1247","429296d6e","3","4","4","3"
"10580","3b0238af8","3","3","4","3"
"11475","a0fb13b2e","4","4","4","3"
"5527","cb474120b","3","4","4","3"
"13001","a9e6b1a1b","2","4","4","2"
"9964","9da5c9d23","1","4","4","2"
"2048","5601bd45c","3","4","4","3"
"5360","6257ac9e4","3","4","4","3"
"759","c9646e275","3","4","4","2"
"10114","9951c57fc","4","4","4","4"
"7023","4679d01e2","3","3","3","3"
"13827","c958b75b3","3","4","4","2"
"4774","0063f83c9","3","3","3","3"
"13099","24e2a6ff5","3","4","4","3"
"11215","115d6458f","3","4","4","3"
"13095","fffd78a11","1","1","1","1"
"8413","0c64a0f1b","2","2","2","2"
"3271","91298d5cf","3","4","4","3"
"1626","8e3fba2c2","3","4","4","3"
"5439","fcfae453e","3","4","4","3"
"11032","fc229a9d7","2","4","4","2"
"13452","e7e2b4c4c","3","4","4","3"
"5104","69b79d62d","3","4","4","3"
"13114","d2ac2859f","3","4","4","3"
"6618","a8ea0c6a7","4","4","4","3"
"9831","20f05426f","3","3","4","3"
"5521","1cdb5d61f","3","4","4","2"
"5560","d0d2a12a2","3","4","4","3"
"11835","9af8f154b","1","1","1","1"
"13208","ef7ffcc3e","2","4","4","2"
"9042","46ef61c91","3","4","4","3"
"8077","e3dbfe4c0","3","4","4","2"
"6289","13966b6a8","3","4","4","2"
"50","0d25f084f","2","2","2","2"
"4857","f2f8667a2","3","4","4","3"
"12656","10fbc9548","3","4","4","2"
"7212","015c353ce","4","4","4","4"
"14471","40dfeeb65","3","4","4","2"
"165","3332eb59c","3","4","4","3"
"11922","c7b7dae2f","4","4","4","3"
"7066","60aca92c5","3","4","4","3"
"1090","df8ad80b3","1","4","4","2"
"187","3b4a987ba","3","4","4","3"
"10944","62bf39bdf","3","4","4","2"
"4269","4bcc9f10a","1","4","4","2"
"3805","dc2ae1787","3","4","4","3"
"1932","43cf0f713","3","4","4","3"
"10647","98fbd3b39","3","4","4","2"
"14336","104910cb4","2","4","4","2"
"14642","80b7c910d","3","4","4","3"
"13874","24abd7725","3","4","4","3"
"14638","bd006f963","3","4","4","3"
"7778","a89005005","3","4","4","2"
"3415","97f0e7ec2","4","4","4","3"
"10410","2ef8bed36","3","4","4","2"
"11424","49fac4dc6","4","4","4","4"
"6273","d41649df9","1","4","4","2"
"4926","752b2d9c5","3","4","4","3"
"4087","b9f8cf52a","3","4","4","3"
"6150","fd820a71a","3","4","4","2"
"9630","e0ad66343","3","4","4","3"
"6864","21d79f603","3","3","3","3"
"6338","282c0ac61","3","4","4","2"
"14276","808144591","1","4","4","2"
"5524","f84b22dae","3","4","4","3"
"11920","34d5748f7","3","4","4","2"
"4755","8dfc9cc69","3","4","4","3"
"788","0f3434f36","3","4","4","3"
"13039","9a0db11a9","3","4","4","3"
"6334","0154e0f7b","3","4","4","2"
"3664","37c989ac5","2","2","2","2"
"14196","5366eff00","3","4","4","3"
"12000","e40368c38","3","4","4","2"
"7644","fe790ba60","3","4","4","3"
"6344","c4b37d5ed","1","4","4","2"
"14791","3ba4ccb80","2","4","4","2"
"4635","abf38029d","4","4","4","4"
"8986","029b05087","2","2","1","2"
"12638","3227c4f2e","1","1","1","1"
"10717","2e9e910d4","3","4","4","2"
"8354","c87f6d0e4","3","4","4","2"
"1818","acf333094","3","4","4","2"
"4784","599d24d23","2","2","4","2"
"4802","a2cf852c0","4","4","4","4"
"920","2502292c8","3","4","4","3"
"1101","e04df6caf","2","2","2","2"
"11279","3859838cf","3","4","4","3"
"6411","80255c391","4","4","4","3"
"2170","266aee5b3","3","4","4","3"
"7452","0e783a2e1","3","4","4","2"
"3605","17cbebba6","3","4","4","3"
"3128","7e19f2890","3","4","4","2"
"571","022d2d16e","3","4","4","3"
"8341","ea9003f0f","3","4","4","2"
"11106","93bffe78b","3","4","4","3"
"8767","27ce98a2e","3","4","4","3"
"11655","1e7e220d7","2","4","4","2"
"5694","8411ba490","3","4","4","2"
"7215","42331ae6f","3","4","4","3"
"8062","eb7804aa7","3","4","4","3"
"3851","a25c1fe02","2","4","4","2"
"3497","95eb301ed","3","4","4","3"
"12602","c1653516e","2","4","4","2"
"2757","3c0450f2f","3","4","4","3"
"5286","75ca94b67","4","4","4","4"
"310","f03b04b1e","2","4","4","2"
"1920","631fa08ed","3","4","4","3"
"5366","eef094950","1","1","1","2"
"11858","02e072cbd","3","4","4","3"
"4470","1ed0c2a41","2","4","4","2"
"10025","3ae326dba","2","4","4","2"
"7206","77653ab79","2","2","2","2"
"8825","9fe6f98a5","3","4","4","3"
"11562","93ae9be69","3","4","4","3"
"6719","da962d158","2","4","4","2"
"4344","392cb224a","4","4","4","3"
"4935","90f1bb168","1","1","1","1"
"2960","e83e05a06","2","2","2","2"
"2247","c68936b74","3","4","4","3"
"7098","a8e4a881b","4","4","4","3"
"10604","91054dc16","3","4","4","3"
"2843","19fd91f5b","3","4","4","3"
"1551","618ca94ad","3","4","4","3"
"8735","9000f2766","3","4","4","3"
"9700","672cc8af8","2","4","4","2"
"10447","330f0e19a","1","4","4","2"
"3280","c7969bc23","3","4","4","3"
"11868","b91ac808b","3","4","4","3"
"2251","f94c2a347","3","4","4","3"
"3202","3e158c21e","3","4","4","2"
"3957","b2f2134bd","2","4","4","2"
"11400","d596aea32","3","4","4","3"
"10390","f247a5242","3","4","4","3"
"1936","cc38b3b63","3","4","4","3"
"8760","29193bf76","3","4","4","3"
"10715","bddc0b2c7","3","4","4","3"
"12285","c4277da90","2","4","4","2"
"3637","8b94ae06d","3","4","4","3"
"11087","62817491e","3","4","4","3"
"4710","902624c4b","3","4","4","3"
"11443","43ff07bab","3","4","4","3"
"8757","35bb8ee8f","3","4","4","3"
"6347","3a36bdba5","3","4","4","3"
"4855","2a6884283","3","4","4","3"
"9537","21fc38738","3","4","4","3"
"11322","279ca5034","3","4","4","3"
"739","ff05d4438","3","4","4","3"
"6670","319f3e6e7","3","4","4","3"
"12141","db61b1f31","3","4","4","3"
"1023","685cbaf7f","2","4","4","2"
"14870","af75249aa","1","1","1","2"
"3726","6f358dea9","3","4","4","3"
"134","25c7d6c3b","1","4","4","2"
"10375","513062327","2","4","4","1"
"7497","7bfe2d68f","2","4","4","2"
"6491","bee984e11","3","4","4","3"
"271","6e3d78857","3","4","4","2"
"13642","27f0a51cd","2","4","4","2"
"9742","ef91ae200","3","4","4","3"
"7249","c234e165f","3","4","4","3"
"2036","79075eca4","1","4","4","2"
"10777","2204729ca","2","4","4","2"
"9092","28b4420eb","3","4","4","2"
"219","74e316be1","3","3","3","3"
"10643","05492e461","1","1","1","1"
"11544","804d08f42","2","2","4","3"
"12800","5c1f1a317","3","4","4","3"
"7626","acdf99f98","3","4","4","3"
"1548","35b51bb28","3","4","4","3"
"2141","e4d7e410b","1","1","1","2"
"9677","d45776f61","3","4","4","2"
"10617","2c983fe89","3","4","4","2"
"1089","76358e754","3","4","4","3"
"5379","868904c66","3","4","4","3"
"8180","e3d68b63c","2","4","4","2"
"5384","6b86ed0e0","2","2","2","2"
"1822","c8f5f9120","2","2","2","2"
"11839","c1680e63c","1","1","4","2"
"10707","929528b36","2","4","4","1"
"10742","fbf954ea2","2","4","4","2"
"4053","72c38b9ab","3","4","4","3"
"5032","47fc12331","2","4","4","3"
"12390","6fc17b073","3","4","4","2"
"9819","bcf657071","3","4","4","3"
"3584","703c9a23b","2","4","4","2"
"3795","c026becc2","4","4","4","3"
"6501","1633b105b","3","4","4","3"
"5205","ec4849051","3","4","4","3"
"10438","1c60a65e8","3","4","4","3"
"4218","98c265a0f","3","4","4","3"
"2234","533916bd6","2","2","4","2"
"3017","db4a0242a","3","4","4","3"
"9494","f7554df6d","3","4","4","3"
"6345","0ce866a04","3","4","4","3"
"3908","dafb0cea4","2","4","4","2"
"5030","794c57f72","2","2","2","2"
"9951","80bee180a","3","4","4","3"
"5377","78551abb5","3","4","4","3"
"11476","de1a20009","3","4","4","2"
"6023","f95b27325","3","3","4","3"
"4516","90bc90da2","3","4","4","2"
"12233","b991a694f","3","4","4","2"
"8848","5b0f07923","3","4","4","2"
"1925","f57a5c0ea","2","4","4","2"
"2459","61fdcb2ec","3","4","4","2"
"996","515462e67","3","4","4","2"
"7437","2d8b42d21","2","2","2","2"
"12319","3ebe9f7af","3","4","4","3"
"8540","6bc347d2d","1","4","4","2"
"10280","403cf8d32","1","4","4","2"
"2614","8a9465eee","3","4","4","2"
"5667","35a62a8b1","3","4","4","3"
"3716","b7af4869d","1","4","4","2"
"13142","d8179f4d9","2","4","4","2"
"9045","bdff3528c","3","4","4","3"
"1619","df926a23d","3","4","4","2"
"6306","262c8cc14","3","3","3","3"
"6819","5027f31e5","3","4","4","3"
"9207","ea3c51eb3","2","4","4","2"
"158","687e9c33c","4","4","4","4"
"3708","5d83f98eb","3","4","4","2"
"12697","e47aeed72","3","4","4","3"
"14254","f4316f2bc","3","4","4","3"
"13155","67c9d22df","3","4","4","3"
"13566","53b89efb9","2","2","2","2"
"1710","8c5bf2766","3","4","4","3"
"2839","44cd12263","3","4","4","3"
"8463","30eb0f9e6","3","3","3","3"
"3205","7131cab79","2","4","4","3"
"7146","837574272","3","4","4","2"
"14561","e2db9e1eb","3","4","4","3"
"24","1bf24d8be","3","4","4","3"
"4069","2581f9792","4","4","4","3"
"10097","375a0eb3c","3","4","4","3"
"11894","5c9d562ac","2","4","4","2"
"8566","27898ed6d","4","4","4","4"
"117","46d88ca3e","1","4","4","2"
"9489","b88fdc7ba","3","4","4","3"
"3509","eb1f799df","2","2","2","2"
"6236","06df96299","3","4","4","2"
"2078","bf5c5cded","3","4","4","3"
"818","f0885aa00","3","3","4","3"
"10982","40b64aa21","3","4","4","2"
"4903","83b2d9103","3","4","4","3"
"1859","7f5e7cf4a","3","4","4","3"
"6183","8d50d37f8","3","3","3","3"
"13328","938de268a","3","4","4","3"
"9686","9a7885841","2","4","4","2"
"12573","884ccfdad","3","3","4","3"
"10541","6d089036f","3","4","4","3"
"5165","f08503742","2","4","4","2"
"13927","d9b9b0174","3","4","4","3"
"11783","a99a82e6d","2","2","2","3"
"5575","eb8adeef1","3","4","4","3"
"8145","973278f56","4","4","4","4"
"1583","c924a03e8","3","4","4","3"
"13549","ee2def69f","2","2","2","2"
"7833","c6c1048af","3","4","4","3"
"7317","ff498c903","4","4","4","4"
"9473","1adf071b0","3","4","4","3"
"3144","9bfb6a77f","3","4","4","3"
"6483","ad6e56af2","4","4","4","3"
"9634","45bec4a13","3","4","4","3"
"2224","32eb3673a","2","4","4","2"
"7579","029c248a5","3","4","4","3"
"11808","64c2d93c9","3","4","4","2"
"14324","da9339584","1","4","4","2"
"2267","39e9ecb70","3","4","4","2"
"2617","05febeea3","3","4","4","3"
"4214","4aa9a342e","2","2","2","2"
"2944","c22078c20","3","3","4","3"
"3478","359dd0b52","2","2","2","2"
"8133","beb0f98f7","2","4","4","2"
"594","fa07f7477","1","4","4","1"
"6032","d56096e79","3","4","4","2"
"12268","e6335223e","2","2","2","2"
"7899","b9c0de515","4","4","4","3"
"8575","4f7a70728","4","4","4","4"
"14550","63a5af53c","3","4","4","2"
"1495","db3f7a11d","3","4","4","3"
"7966","9619060db","3","4","4","2"
"199","1eb8a0278","3","4","4","2"
"5139","c07d6061c","3","4","4","2"
"13540","f39938992","3","4","4","2"
"7151","f861c3c77","3","4","4","3"
"11635","d9c0e3284","1","4","4","2"
"6130","7b6ffc0a1","2","4","4","2"
"3167","24dfcc985","3","3","3","3"
"4560","6aee1d8da","1","1","1","1"
"10915","ffb33c204","3","4","4","3"
"8346","923a58e31","3","3","3","3"
"6393","611045510","3","4","4","3"
"11823","86c35033b","2","2","2","1"
"9942","6e61a7b46","2","4","4","2"
"2222","5f28b76d7","3","4","4","3"
"11024","44a541574","1","4","4","2"
"9082","dce7af31c","3","4","4","3"
"6827","ab9dd85b2","2","2","2","2"
"8169","84fdd34c7","3","4","4","3"
"14106","321c14446","2","4","4","2"
"3931","405b63ca5","3","3","4","3"
"14132","d1de97c49","3","4","4","3"
"1496","93d842736","3","4","4","3"
"7985","286ab1e93","3","4","4","3"
"14216","385b5b8fc","3","3","3","3"
"13854","24d1c128d","3","4","4","3"
"3469","1a83d4455","3","4","4","3"
"8485","6d172f3eb","3","4","4","2"
"10476","bfdd20655","3","4","4","2"
"95","dd308e46b","3","4","4","3"
"3008","5ec697bec","3","4","4","2"
"6105","016dcf8d4","1","1","4","1"
"189","5c546c236","3","4","4","3"
"10426","b412a3f6a","3","4","4","3"
"7093","52d65015d","2","2","2","2"
"5287","d6259561f","3","4","4","3"
"8591","ff867121e","4","4","4","4"
"8382","3ae51e685","1","1","1","1"
"4928","9af3fec83","3","4","4","2"
"7541","74b73209e","3","4","4","3"
"10819","102c931d8","4","4","4","3"
"3588","4963e95ce","1","1","1","1"
"5346","3f53ec8cd","3","4","4","3"
"8576","a21f20530","1","1","1","2"
"7164","f1afd4033","3","3","3","3"
"10852","52ec30101","3","4","4","3"
"8457","c8cca430f","2","4","4","2"
"5912","2302acf06","3","4","4","3"
"13272","ae3c2cb86","3","4","4","3"
"14661","e2b428f75","3","4","4","2"
"4268","21e4ca7d1","3","4","4","3"
"1844","ae0a993ac","3","4","4","3"
"4258","8a2998a32","3","4","4","3"
"5434","106e252d9","3","4","4","2"
"586","5a5463e17","3","4","4","2"
"10138","ed08c717d","3","3","4","3"
"6595","1246bed4f","4","4","4","3"
"3315","9ede28a9d","3","4","4","3"
"628","4e3e41b78","3","4","4","2"
"4716","0985e2dad","3","4","4","2"
"6973","80c4e9e4d","1","1","1","2"
"10238","29f5cedc0","3","4","4","2"
"9339","97b0b5d92","1","4","4","1"
"1294","cfe4df8c6","4","4","4","3"
"3595","271ca0b0e","3","4","4","3"
"7667","7494b6aa9","3","4","4","2"
"10071","23b64fe21","3","3","4","3"
"12648","b887b2037","3","4","4","2"
"1380","a710da2ab","1","4","4","2"
"7058","5e17c1fde","3","4","4","3"
"8295","5d45dae82","3","4","4","2"
"5825","5e27bdcde","3","4","4","3"
"13699","bc5ae0001","1","1","1","1"
"13683","4c3bb438d","3","3","3","3"
"8671","c72bd65dc","3","4","4","3"
"2182","a362ad62e","2","2","4","2"
"2188","ec4089e58","3","4","4","3"
"8558","1de957113","1","1","1","2"
"14270","8c1658988","3","4","4","3"
"3406","8867faa98","3","4","4","3"
"5378","7fa04723a","3","4","4","2"
"12372","fe4b30cfb","3","4","4","2"
"10172","eff6d721e","3","4","4","2"
"5248","f90762cef","2","2","2","3"
"9006","110682438","3","4","4","3"
"7294","c7fa60cfb","3","4","4","3"
"8836","ace26786b","2","2","2","2"
"3024","8abd212c6","3","4","4","2"
"5132","f03ea3fd5","3","4","4","3"
"8687","ecad4a875","1","1","1","1"
"12726","04260adf8","3","4","4","3"
"13058","8717133d3","3","4","4","3"
"9666","e3fcd8a2f","3","4","4","3"
"3810","4d5e4949a","2","4","4","2"
"12884","b0d54f76e","3","3","3","3"
"9155","1533ebfd4","3","4","4","2"
"10708","ffd697903","3","3","3","3"
"5558","6c8487ccb","4","4","4","4"
"11701","b01a81451","3","4","4","2"
"11810","05ab54e3c","3","4","4","3"
"6681","0a555d688","1","4","4","2"
"2430","403aa5c4b","3","4","4","3"
"12210","2bf49ebb9","3","4","4","2"
"3579","e748f52b7","2","4","4","2"
"13195","cf357f057","4","4","4","4"
"12286","58e8cb9e1","3","4","4","3"
"2253","850632538","3","4","4","2"
"8607","1cc66d907","3","3","4","3"
"10980","708d4eb55","3","4","4","3"
"9152","323f562e0","2","2","2","2"
"10090","0306e85dd","3","4","4","3"
"13477","2d7b61eb5","3","3","3","3"
"10125","2b530d418","3","4","4","3"
"6562","366a4544f","3","4","4","3"
"9159","c79019195","3","4","4","3"
"9524","18553e89b","2","4","4","2"
"13285","c59199ff4","3","4","4","3"
"2057","5c5f306fa","3","4","4","3"
"14672","cce8fa6c2","1","4","4","2"
"13629","e0f3c756a","3","4","4","3"
"655","5145f87a0","3","4","4","2"
"14438","f1ceeda99","3","4","4","3"
"2660","a39e58f1f","3","4","4","3"
"2216","da3702af2","3","4","4","3"
"10962","3d0b85658","3","4","4","3"
"6530","3ea675148","1","4","4","2"
"12853","44598cf69","3","4","4","3"
"8419","517a669f2","2","4","4","2"
"6366","d605cb217","3","4","4","3"
"4541","7d1030b42","1","1","1","1"
"2830","9fb89d88f","3","4","4","3"
"7867","331a745e8","2","2","2","2"
"267","0443d6f82","1","1","1","1"
"3660","3a050484c","3","4","4","2"
"14528","52ad1225c","3","4","4","3"
"12256","4d76c16ab","2","4","4","2"
"8067","4ad983a9d","1","1","1","1"
"10013","fa3df8921","2","4","4","3"
"1303","06dd351e6","3","4","4","3"
"9206","8364bf2eb","3","4","4","2"
"1056","355743336","1","1","4","2"
"340","8526200d3","3","4","4","3"
"10524","d1a2da8ef","3","4","4","3"
"14532","dcaae830b","3","3","3","3"
"2185","9dca27ec4","3","4","4","2"
"971","cb0309848","2","4","4","2"
"14351","d061bc124","3","4","4","2"
"146","8e0d65b3e","3","3","3","3"
"11727","9c969d36e","3","4","4","3"
"1903","b86b0db65","3","4","4","2"
"9565","c2cad7ef6","3","3","3","3"
"137","05f99fc56","1","1","1","1"
"14981","fc601e041","3","4","4","3"
"13224","a426ef14d","3","4","4","3"
"9972","f3152276a","3","4","4","3"
"11162","ecd574ddb","3","4","4","3"
"6138","fe8bac73c","2","4","4","2"
"297","145883970","3","4","4","3"
"8430","ea055de86","3","4","4","2"
"10957","e456bf863","2","2","2","2"
"7779","be5fb246e","3","4","4","2"
"2704","b631b7e4a","2","4","4","2"
"13086","5d0551d53","3","4","4","3"
"4068","ce6fe7377","3","4","4","3"
"11411","f5ebfd099","1","1","1","2"
"2402","c6da0beba","1","1","4","1"
"10034","b4d16b6f6","3","4","4","3"
"3244","0243911ea","3","4","4","3"
"14187","8913e5b27","3","3","3","3"
"11939","7a40628fd","3","4","4","2"
"13038","5b5b2c882","3","4","4","2"
"4428","f677061e8","3","4","4","3"
"9929","62d822791","2","4","4","2"
"12808","0f6488260","2","2","2","2"
"10448","036e015d2","3","4","4","3"
"5812","97fe7f730","3","4","4","3"
"9327","cbd8840cd","3","4","4","2"
"8888","24cc193f3","3","4","4","3"
"11066","f35683806","3","4","4","3"
"9899","8ef67ba31","1","1","4","1"
"11134","bb78d1aa5","1","1","4","1"
"13517","e40a90daa","3","4","4","3"
"9468","a0be585cb","3","4","4","3"
"8244","898476994","4","4","4","4"
"13767","180f1ef16","3","4","4","3"
"1107","f849d1829","3","4","4","3"
"8429","faec94482","3","3","4","3"
"12166","136f22028","1","4","4","2"
"3464","605f9cd41","2","2","2","2"
"3287","d1db8712e","3","4","4","3"
"4447","29778124f","3","4","4","3"
"10959","65f311c09","3","4","4","3"
"10956","7cd6556bc","1","1","4","1"
"7263","88bc9864c","3","4","4","3"
"14232","0fc52b599","3","4","4","3"
"12639","c93e63352","3","4","4","3"
"2906","d4bc5b7ca","3","4","4","2"
"9188","6c5a7a1ef","3","4","4","3"
"4483","1020c8f00","2","4","4","2"
"2789","457bdfb16","1","4","4","2"
"8470","9e6570928","3","3","3","2"
"1507","60f317698","4","4","4","4"
"2784","db1f9bca1","3","4","4","2"
"9513","add3c45c6","1","1","1","2"
"13219","59f987236","1","4","4","2"
"6343","f6e45accc","1","1","4","2"
"10183","106f7b51d","2","2","2","2"
"5239","1fd056050","3","4","4","3"
"7864","040a9a6f9","2","4","4","2"
"2102","66f430d36","3","4","4","3"
"4115","74e18bd5e","3","4","4","2"
"12715","6d1c4a5d5","3","4","4","2"
"13584","6c06b0725","3","4","4","3"
"6594","799c6852c","2","4","4","2"
"7933","36681d1d5","3","4","4","3"
"10726","a2fecc9a4","3","4","4","3"
"4311","71510cf8b","3","4","4","2"
"3530","add617e3c","3","4","4","3"
"11534","d2b949618","1","4","4","2"
"6877","d41aa1c62","4","4","4","3"
"6189","e5b7f6fbe","3","3","3","3"
"7046","1ef3f5030","3","3","3","3"
"6274","4efe77aa0","3","4","4","3"
"4915","51d815775","3","4","4","2"
"629","f4415e636","2","4","4","2"
"14182","7759517e2","3","4","4","3"
"3620","de19fca23","3","3","3","2"
"8994","59c9f850a","3","4","4","3"
"6094","6740be5a3","3","4","4","3"
"12606","74c7373bd","3","4","4","3"
"12035","1a47d1c94","3","4","4","3"
"624","b9d6b1488","4","4","4","4"
"1553","0ce80622f","3","3","3","3"
"7432","ffd2e82a9","3","4","4","3"
"977","204a3b926","3","4","4","3"
"8482","b72a62a33","3","4","4","3"
"3626","f2aa25dbc","3","4","4","2"
"5079","0497c5ed8","3","4","4","3"
"2777","895f73f14","3","4","4","3"
"1571","f77a10b5f","3","3","4","3"
"8599","4079020a6","2","4","4","2"
"1400","b7df87757","3","4","4","3"
"7102","6b5c799b5","3","4","4","2"
"8751","a2124f529","1","1","1","1"
"5559","ef9196721","3","4","4","3"
"12294","6e5f03ddf","3","4","4","3"
"3045","ed8e10562","3","4","4","3"
"5525","bbfc5274f","2","4","4","2"
"3564","2d2f2a305","3","4","4","2"
"14531","9aa0e02ef","3","4","4","3"
"13346","2ef82137f","3","4","4","3"
"5125","553164b93","3","3","3","3"
"9300","189eaf5c4","3","4","4","2"
"1454","7faf2e49d","3","4","4","2"
"13440","0993b5aa2","3","4","4","2"
"5640","094c2c3bf","3","4","4","3"
"12674","9104803d9","3","4","4","3"
"7192","2ca38a180","3","4","4","2"
"13018","b780980c1","3","4","4","3"
"11787","fd2d48292","4","4","4","4"
"1153","46b603304","3","4","4","2"
"4363","326355730","2","2","2","2"
"4528","4ffbe0538","1","4","4","2"
"10336","d8727d356","3","4","4","3"
"6787","2eb4fa594","3","4","4","3"
"8103","e133ab2f1","3","4","4","3"
"14467","0995bd489","3","4","4","3"
"5827","f729f19c5","3","4","4","3"
"13037","eb77432cd","3","4","4","3"
"8958","1a4c20f98","2","2","2","2"
"14064","86f41cec9","4","4","4","4"
"13136","880d3c594","3","4","4","3"
"3881","f95680d84","2","4","4","3"
"9453","e68c7d50b","2","2","2","2"
"3689","8910ea0f4","3","3","3","3"
"2754","09b5921e9","2","4","4","2"
"7232","14a16b96e","2","4","4","2"
"5530","2af9db4dc","2","2","2","2"
"8629","b5ce44276","1","1","4","1"
"10318","ee57c8d53","3","4","4","2"
"6915","e7e2eca9e","3","4","4","3"
"11387","e63e3eba8","3","4","4","3"
"8437","4fb715361","3","4","4","3"
"3978","ff78347b7","3","3","4","3"
"2108","11a3055b7","2","2","2","2"
"4742","d86d7a70e","3","4","4","3"
"13414","afefc6424","3","4","4","3"
"3640","1c2a20543","3","4","4","3"
"3670","b1818e562","3","4","4","3"
"14037","8599dc67a","2","4","4","1"
"13288","886d23c56","3","4","4","3"
"10773","0cb450c62","1","1","1","1"
"9482","7a7277559","3","4","4","3"
"600","2f19ac5ab","3","4","4","2"
"2909","07dd9a0a5","3","4","4","3"
"7876","1b368f29c","2","4","4","2"
"11196","27b272e59","3","4","4","2"
"5045","aa1cf9c0c","3","4","4","2"
"574","0b8614414","3","4","4","3"
"12517","9e172ab13","1","4","4","2"
"12901","b5f9a9c4a","3","4","4","2"
"12031","b64307878","1","1","1","1"
"11425","759e2e94e","3","3","3","3"
"12710","ee24b09bb","3","4","4","2"
"1563","f376f922e","3","3","4","3"
"10792","0753ad1cd","2","2","2","2"
"7279","70c811b9d","3","4","4","3"
"87","e9df3ead7","3","4","4","3"
"550","dc56ff89a","4","4","4","3"
"14730","e78a33d4a","3","3","3","3"
"13425","35e96ea98","3","4","4","3"
"12624","c5422c04b","2","2","2","2"
"5655","ed30f663e","1","1","1","2"
"3216","1b91e1082","3","3","4","3"
"6590","9faeb952b","1","1","1","1"
"2850","8b1abca6a","3","4","4","3"
"10076","656246ceb","3","4","4","3"
"7801","a19eea86b","3","4","4","3"
"5083","f231e1f78","2","4","4","2"
"11760","0146f6d2c","3","3","3","3"
"1029","e0b6196d9","1","1","1","1"
"7652","c14ddf8a0","2","2","2","2"
"4737","a00eaa0fb","1","1","1","2"
"4416","0ed8d0f9c","3","4","4","3"
"13882","d2a1b5401","2","4","4","2"
"8803","a07440416","3","4","4","3"
"5767","07218c870","3","4","4","2"
"8561","bd8312dcc","3","4","4","3"
"11071","1d5a59ca9","3","3","4","3"
"7364","8dde63c12","2","4","4","2"
"5828","6a1240a5d","3","4","4","3"
"3756","87a37261b","3","4","4","2"
"2916","1499fbe78","3","4","4","2"
"6908","ce18c7a4b","4","4","4","2"
"12970","f152b2fd4","3","4","4","3"
"14145","c86e1aab2","1","4","4","2"
"7398","21f095582","3","4","4","3"
"5029","2cd806c03","3","4","4","2"
"9589","d81a46211","1","1","1","1"
"14541","c00b7ba5d","3","3","4","3"
"6002","978526235","2","4","4","2"
"8424","20c3c2ba7","1","1","1","2"
"1766","d0c81c563","3","4","4","2"
"6871","45a283ed6","3","4","4","3"
"10240","8fe11eb90","3","4","4","3"
"4262","f5e9075c9","3","4","4","3"
"9123","ad5250ecf","3","3","3","3"
"10425","c11ca8051","4","4","4","4"
"10243","33add94a0","3","4","4","3"
"257","66201cf73","3","4","4","3"
"13050","4f3e35156","3","4","4","3"
"11555","401fcc4c5","2","4","4","2"
"7708","90dc0d83f","3","4","4","3"
"13322","f9d9f8fd6","3","4","4","3"
"10004","2885ade43","3","4","4","3"
"11515","e9c78e9fb","3","4","4","3"
"11330","9099eb9ee","3","4","4","2"
"8135","5550a68dc","1","1","1","2"
"6315","740d87a41","3","4","4","3"
"7501","56e3f3baf","3","4","4","3"
"12354","1f470d9f4","3","3","4","3"
"4724","0be7a4adf","0","3","3","2"
"9280","0819ac2f6","3","4","4","3"
"5482","962c84aa9","3","4","4","3"
"14852","86c7b7486","3","4","4","2"
"6175","90365353e","3","4","4","2"
"131","368b2adc1","3","4","4","3"
"518","e3f841674","3","4","4","3"
"834","caf3220f8","3","4","4","3"
"7241","cb492add6","2","4","4","2"
"2255","0a0ec4977","4","4","4","3"
"8241","373880ef5","1","4","4","2"
"12246","0434520ef","3","4","4","3"
"5403","e2ce25661","3","4","4","3"
"130","61ac3c78c","4","4","4","4"
"3426","ebff4722c","1","1","1","2"
"13034","4bbc7992a","3","4","4","3"
"2681","505c5d7c6","3","4","4","3"
"7917","dc996a1a4","1","4","4","1"
"9140","f3fd77fe8","3","4","4","3"
"4100","181c10e45","1","4","4","1"
"10158","2f0abd493","3","3","3","3"
"507","f9994fbae","3","4","4","3"
"3012","0fe10670c","3","4","4","2"
"3515","adc3a477a","1","4","4","2"
"6768","adb33dd61","3","4","4","2"
"7872","07d2a9eff","3","4","4","3"
"9370","1ff51137d","3","4","4","2"
"4645","d7a002088","2","4","4","2"
"8640","7c4b2e0c0","3","4","4","2"
"9534","18556365a","3","4","4","2"
"763","80fcac43d","2","4","4","2"
"9390","2716a01b4","3","3","3","3"
"5113","5096467b6","3","4","4","2"
"12008","b47b947be","4","4","4","3"
"12505","2f3bed708","2","4","4","2"
"4271","9ea8e240f","3","4","4","3"
"11356","32afa462f","1","1","1","1"
"1010","1b932e373","3","4","4","3"
"242","061378b30","3","3","3","3"
"2282","5b0355a1b","3","4","4","3"
"9511","7509ed502","3","3","4","3"
"685","8b63e1b21","3","4","4","3"
"4481","a34cf041b","4","4","4","4"
"627","1ee56e81a","1","1","1","1"
"12095","f87c02978","2","4","4","2"
"954","400cbe759","2","2","4","2"
"6107","c4c4a926f","3","4","4","3"
"2123","8e6e9b877","3","4","4","3"
"2570","0e4cf50f4","3","4","4","3"
"5948","f205b0649","3","3","4","3"
"2657","682ed2e7b","3","4","4","2"
"861","9b1241ef0","3","4","4","3"
"7772","72d68bbd0","3","4","4","3"
"8079","9981290b2","3","4","4","3"
"6346","b2566d195","3","4","4","3"
"184","aa189a931","3","4","4","3"
"1869","f3207cde7","1","4","4","2"
"6358","400b56d39","3","4","4","3"
"6545","0fb548aac","3","4","4","3"
"8667","319ae7620","4","4","4","3"
"8928","fe65d17b1","3","4","4","3"
"10787","6aff78ff8","4","4","4","4"
"10272","c8cf205ee","2","4","4","2"
"4431","657a54d36","3","4","4","3"
"9798","1cfc647dc","3","4","4","2"
"1768","6627a8ab8","1","1","1","1"
"7032","3e50a5575","2","4","4","3"
"6978","0c5dbd29f","3","4","4","2"
"7321","452a50855","2","4","4","2"
"10863","2ac3ca459","3","3","4","3"
"5758","3f0dca87f","3","4","4","2"
"3286","f4c27e753","3","4","4","3"
"329","82aa52460","4","4","4","2"
"3125","06634513c","3","4","4","3"
"12944","286afff7c","3","4","4","2"
"14093","7f7080e6b","3","4","4","2"
"450","b5df81f99","3","4","4","3"
"8112","321d04634","1","1","1","1"
"4309","09f6e29b8","2","2","2","2"
"3744","4059df1bf","3","4","4","3"
"14339","caa5d1e6b","3","4","4","3"
"10807","06fb72c12","2","4","4","2"
"2675","37d0748c2","3","4","4","2"
"170","5de61cf6b","3","4","4","2"
"10075","7f08520d7","1","4","4","2"
"11007","4dff83c9f","3","4","4","2"
"10554","3bb5061e6","2","4","4","2"
"958","02d6020a9","1","1","1","2"
"13412","59309ddf6","3","3","3","3"
"10721","d21cfa860","3","4","4","2"
"9824","ea4c18b67","3","4","4","3"
"369","4060caeb1","1","1","1","2"
"12793","dd4b67059","3","4","4","3"
"4715","1d8dd930a","1","1","1","1"
"1037","c6acce195","3","4","4","3"
"5678","cda31e59d","2","2","2","2"
"14832","573ee1a1f","1","4","4","2"
"4050","6c1fa0fdb","3","4","4","3"
"11069","dc9557824","3","4","4","3"
"1715","9b95ec85b","3","4","4","2"
"1978","c135e081f","2","2","4","2"
"1437","2fcdfb0e1","3","4","4","3"
"6330","1253241be","3","4","4","3"
"11674","d3b4b6a8a","4","4","4","2"
"3438","a7cd5b749","2","4","4","2"
"7017","e40290fa0","3","4","4","3"
"4175","f99af9837","1","1","4","2"
"2931","b67778d17","2","2","2","2"
"4141","b27f46ae3","3","3","4","3"
"7195","ff6ff53c4","3","4","4","3"
"4798","8f128d3ed","1","1","1","1"
"8930","77b247a02","0","0","0","0"
"5684","e633386b0","2","4","4","2"
"14176","e30bac76c","2","4","4","2"
"6785","a3727cc47","3","4","4","3"
"1314","cf795bb00","3","4","4","3"
"2741","b06c1ad30","3","4","4","3"
"2528","db044e38b","3","4","4","3"
"9459","842c9622d","1","1","4","2"
"5762","eb8baed62","1","4","4","2"
"358","c43ecb3e1","1","1","1","1"
"10151","d9c6517ae","3","4","4","3"
"7515","a4c903a3d","3","4","4","3"
"5297","eb64e3d68","3","4","4","2"
"650","0162634c2","1","4","4","2"
"12589","5d622bf92","3","4","4","3"
"9729","c6a2b6ae1","3","4","4","3"
"12150","c55e9baaf","2","4","4","1"
"6425","3a1f2a306","3","4","4","3"
"9938","a4c99a552","3","4","4","2"
"8257","0b3763054","2","3","3","2"
"517","a6e902691","3","4","4","3"
"11977","e2c365994","0","0","0","0"
"9995","1df948d0e","3","4","4","3"
"955","281e2d7e8","2","4","4","2"
"5508","7630f3d6c","3","4","4","3"
"3871","933da53ee","3","4","4","3"
"8000","6cafa50dd","2","2","4","2"
"1847","bca8b44ae","1","1","1","1"
"12034","7ec0fc838","1","4","4","2"
"12465","0490c8df1","3","4","4","2"
"13177","b041aab9f","3","4","4","3"
"7404","113204c87","3","4","4","3"
"2315","c53fb8a18","3","3","4","3"
"3923","fa1c96e93","3","4","4","2"
"2744","95c01e235","2","4","4","2"
"14931","1f70f8112","3","4","4","3"
"3183","30917edfa","3","3","3","3"
"3393","b25c2d2d1","4","4","4","4"
"11247","a9c968c38","2","2","2","2"
"1705","ee7c25387","2","2","2","2"
"4873","792c38c44","3","4","4","2"
"1745","92189aa31","1","1","1","1"
"113","cdab8ba8e","3","4","4","3"
"8148","c12ae3214","2","4","4","2"
"119","2b6d08cba","3","4","4","2"
"12188","5ac0ddea0","3","4","4","3"
"12812","b623d9449","3","4","4","3"
"520","2cea63a41","1","4","4","2"
"12989","377d9bef6","3","4","4","3"
"13527","653f94080","1","1","1","1"
"4955","42103b22e","4","4","4","4"
"8699","ff85f13d7","3","4","4","3"
"2575","5f9cf8892","1","4","4","2"
"5685","643eab5c6","3","4","4","3"
"3141","cc13183c3","3","4","4","2"
"768","0baab7556","3","3","3","3"
"8139","28a0ae4fe","3","4","4","3"
"8934","0858e3a6e","3","4","4","2"
"10112","1c2168ffe","3","4","4","3"
"12215","58ee93558","3","4","4","3"
"6416","b8db25430","3","4","4","3"
"3493","2831adaff","2","4","4","2"
"9320","5fc55b842","2","4","4","2"
"10567","c9364a529","2","4","4","2"
"1172","9e25c09b2","3","4","4","2"
"1998","8d6208f11","3","4","4","3"
"6809","0b24f7e7f","3","4","4","3"
"4920","8d1dce21f","1","1","1","2"
"1753","567b92b70","2","2","2","2"
"7293","b00e4262e","3","4","4","2"
"7522","964dd458f","3","4","4","3"
"9483","bb74a9d58","3","4","4","3"
"14335","b488dc067","3","4","4","3"
"3108","523912c83","3","4","4","3"
"14706","e80066a19","3","4","4","3"
"13090","e97e1afc1","2","2","2","2"
"7129","f399cf0d2","3","4","4","3"
"390","35907f15e","3","4","4","2"
"11642","bb2a61d2b","2","4","4","2"
"4130","a5d1a1271","3","4","4","3"
"10475","b8e6cb9b1","2","4","4","2"
"12870","a2ec6f8a8","3","4","4","3"
"1747","b3185d954","3","4","4","3"
"3052","435bb3995","3","4","4","3"
"3165","3d9a62b53","2","4","4","1"
"13213","506fa1d6e","3","4","4","3"
"552","fca85f778","3","3","3","3"
"980","640e18ef0","3","3","3","3"
"8425","f90722a00","1","1","1","2"
"4717","0633474d9","3","4","4","2"
"9635","c5753890a","3","4","4","3"
"14611","ba5526238","3","4","4","3"
"13478","eb90062ec","3","4","4","3"
"3944","2d9dd14b1","3","4","4","3"
"2703","d3c79cf76","3","4","4","3"
"9487","df26f1098","2","2","4","2"
"526","05252b175","3","4","4","2"
"6288","3af78213e","3","4","4","2"
"11297","e6292a7b6","3","3","4","3"
"2388","e6aceb97f","3","3","3","3"
"4990","212157776","3","3","3","3"
"2934","1e6c42df6","3","4","4","3"
"10644","bef49a74b","2","2","2","2"
"10198","53b996932","2","2","2","2"
"9310","88db34068","2","4","4","2"
"11020","c70867d90","1","4","4","2"
"8950","10eaafcd9","2","2","2","2"
"10470","901ff85c1","3","4","4","2"
"11337","d7976886b","4","4","4","3"
"6759","bec55c577","3","4","4","3"
"14640","6730a4a60","2","4","4","2"
"10154","435f8cb3d","3","4","4","3"
"7349","6be53d844","1","4","4","2"
"3725","0211e2f2d","3","4","4","2"
"10219","90a7474ec","2","4","4","2"
"2095","7c787403c","1","4","4","2"
"846","642a88a93","1","1","1","1"
"11412","96b8b56b4","3","4","4","2"
"7305","9f2948e8e","3","4","4","3"
"7946","850875906","1","1","1","1"
"9674","94d2d552b","3","4","4","3"
"13682","2bdf3471b","2","4","4","1"
"3153","600f8eb25","3","4","4","2"
"8446","bd1eaf778","3","4","4","2"
"9536","cbd5f7a45","3","4","4","2"
"7130","3de1d3794","1","1","1","1"
"11131","096c37d99","3","4","4","3"
"4625","9d7c4455c","3","4","4","3"
"7438","6c5079e85","1","1","1","1"
"6477","7d835cf7c","3","4","4","3"
"9472","7baa8082a","3","4","4","3"
"6863","c70ffd9c5","3","4","4","3"
"5709","8566a1bd5","3","4","4","3"
"14049","7e1a6a1f0","4","4","4","4"
"2397","4012be917","3","4","4","3"
"1452","37438ea50","3","3","3","3"
"2691","3d2745318","3","4","4","2"
"11955","fbae7b0d5","3","4","4","3"
"6221","2f8471836","3","4","4","3"
"338","1a9733afb","3","4","4","2"
"3376","f83695eb0","3","4","4","2"
"8216","ea7fc7f4f","3","4","4","3"
"1596","ea1736eec","4","4","4","3"
"515","7d21dc4a8","3","4","4","3"
"12509","3a8f89229","1","4","4","2"
"8099","e99eda1f6","1","4","4","2"
"7879","d46569700","3","4","4","3"
"9492","01d646ea8","4","4","4","4"
"14978","472e86a83","4","4","4","4"
"14751","8f31c806f","2","4","4","2"
"6153","fe7bad7d4","3","4","4","3"
"1177","854319675","3","4","4","3"
"12091","bf22b5a35","3","4","4","3"
"13802","7e5d4e317","3","4","4","3"
"4831","f904be121","3","4","4","3"
"10102","82f95b703","2","2","2","2"
"5743","2cba60aeb","1","4","4","1"
"6488","b1f5f19fa","0","0","0","0"
"3425","7ef23b94f","3","4","4","2"
"12519","e67f4856d","1","4","4","2"
"13860","9d4cf29f6","2","2","4","3"
"7028","42b3d53f8","1","4","4","1"
"9261","400bc90ee","3","4","4","2"
"9171","cfbbeec5a","3","3","4","3"
"14581","aa7548beb","3","4","4","3"
"10441","cc6ce44c8","2","4","4","2"
"11909","2d813cd28","3","4","4","3"
"11664","0714145e6","2","2","2","2"
"4207","e4f117930","2","2","2","2"
"6287","96a5fd573","3","4","4","2"
"3003","83705e888","3","4","4","3"
"4377","e4f9be28d","3","4","4","3"
"3665","03c49f5aa","3","4","4","3"
"516","c3cafb38c","2","2","2","2"
"5942","5183f369d","3","4","4","3"
"12666","fc96276a7","3","4","4","3"
"4905","ba16888d7","1","4","4","2"
"5515","6c803e00e","4","4","4","4"
"10327","07b2a1416","2","4","4","2"
"12855","a85548db7","3","4","4","3"
"13881","bce0e17b9","1","4","4","2"
"8517","3af847ce9","3","4","4","3"
"3552","97baac4eb","3","4","4","3"
"13183","ec4351554","3","4","4","3"
"1591","48333a921","3","4","4","3"
"3356","530c897a2","1","1","1","1"
"5862","270bd311c","4","4","4","3"
"7738","231ad764f","3","4","4","3"
"9099","af4941f15","3","4","4","3"
"11355","863738ca1","3","3","3","3"
"1407","a8b9d57b4","2","2","4","2"
"13316","98780fbb6","3","4","4","3"
"6263","a8e6ad61c","4","4","4","3"
"6551","f50997846","3","4","4","2"
"9279","5c496f946","3","4","4","3"
"11989","aa7dc1913","3","4","4","2"
"8460","d3ffc5c1b","3","4","4","3"
"8273","f662bdf71","3","4","4","3"
"1122","190eba3c6","1","4","4","2"
"8486","b2dbd92b1","2","2","2","2"
"14944","9ab8dddba","3","4","4","2"
"7109","fce6f8dff","1","1","1","2"
"12160","a7df878ea","3","4","4","3"
"2155","5e0519e3d","3","4","4","3"
"6563","cf4bbdbfa","3","4","4","3"
"4725","8b2be8807","3","4","4","2"
"736","09c629b05","3","4","4","3"
"11695","f2117b204","3","4","4","3"
"14346","f262fd637","4","4","4","3"
"7538","349fe9b9b","3","4","4","2"
"4814","3f834da3b","3","3","3","3"
"423","e4e5ea1d2","2","2","2","3"
"12839","4ceff22c4","2","4","4","2"
"2760","3c97d1670","2","4","4","2"
"13933","a24a102b1","3","3","4","3"
"8989","6568f907c","3","4","4","3"
"7520","9a7a99c23","3","4","4","2"
"2401","4a6cad15c","3","4","4","3"
"3254","25eec77c6","3","4","4","3"
"2962","889ae00e3","4","4","4","3"
"11547","02d66a1be","3","4","4","3"
"3300","62f87187d","3","4","4","3"
"4912","bb2808ff8","3","4","4","2"
"3134","b3f1c8d27","3","4","4","3"
"4943","756eaf5eb","2","2","2","2"
"3248","4fd755cc6","3","4","4","3"
"4599","55f1edd7d","3","4","4","3"
"2005","ab385bfae","3","4","4","3"
"57","8c131db77","3","4","4","3"
"724","3536e1efd","3","4","4","3"
"5062","577c72b39","3","4","4","3"
"975","8ced67d36","3","4","4","3"
"4080","d005caf41","3","4","4","3"
"13814","810ff9d37","3","4","4","2"
"13467","199fd5d5f","3","4","4","3"
"9481","2262be7e9","1","1","4","2"
"6037","1772727a1","3","4","4","2"
"9107","2f3d368d3","2","2","2","2"
"11434","4a7fe0b83","3","3","4","3"
"7464","e3fa09b97","3","3","3","3"
"3719","badeec277","3","4","4","2"
"2961","99459c30d","1","4","4","2"
"2131","29bcccb7c","3","4","4","3"
"14329","69f4a00df","1","4","4","2"
"8666","1b5fd0e44","3","4","4","3"
"8474","26716b324","3","4","4","2"
"2867","8ee8b9d0f","1","4","4","2"
"5642","6ad5153bb","3","4","4","3"
"12768","0a7798d2b","1","4","4","1"
"14277","c9efae474","3","4","4","2"
"14063","ea087d248","1","1","4","2"
"458","17bdf954a","3","4","4","3"
"5226","d072a58e5","4","4","4","4"
"8522","cd81fa60a","3","4","4","3"
"11265","38360bf6b","3","4","4","3"
"10796","5452fea14","3","4","4","3"
"6272","d24b8cde0","3","4","4","3"
"7022","89e43a001","1","1","1","2"
"5936","9137fd90c","3","4","4","3"
"6625","dd3c902ae","3","4","4","3"
"5247","44db1cade","2","4","4","2"
"9330","79b439763","3","3","4","3"
"3599","cfa67dca2","3","4","4","3"
"12104","adc51c1a7","2","2","2","2"
"9354","5fc6599fc","3","4","4","2"
"6860","d0956e39e","2","4","4","2"
"1585","3595648ea","3","4","4","3"
"12714","453750088","1","4","4","2"
"1261","a7eb03730","3","3","4","3"
"1070","9193e335e","2","2","2","2"
"14922","09a024035","3","3","3","3"
"3753","fab063ed4","2","4","4","2"
"11956","eddccf6ff","3","4","4","3"
"3388","ed5631a9c","2","2","4","2"
"4340","98686f3bc","3","4","4","3"
"14662","40e578da4","1","1","1","1"
"3414","9b344389b","2","4","4","2"
"1542","204ca9f14","3","4","4","3"
"3907","cf8325fae","4","4","4","3"
"9968","f0a1f2b90","3","4","4","3"
"2709","a5f6e77bf","2","4","4","2"
"6721","57f2482cc","3","4","4","3"
"375","71cc0a02e","3","4","4","3"
"11096","39bff85f9","2","4","4","2"
"12654","655eaa578","2","1","1","2"
"3","3422e4906","3","3","4","3"
"10797","75a803430","3","4","4","3"
"13458","e1e2b0af4","2","4","4","2"
"5363","dcd70e1e3","3","4","4","3"
"6049","bddf43d72","3","4","4","3"
"317","2148c2ef6","2","4","4","2"
"7288","8079e3a1c","3","3","3","3"
"3687","ab4f161ae","3","4","4","2"
"10140","4df0d1886","3","4","4","3"
"1996","28d20bc71","3","3","3","2"
"5982","d1f444e66","1","1","1","1"
"5293","5ae7359ab","3","4","4","3"
"4323","f2212e16c","3","4","4","2"
"14650","37cec5261","2","4","4","1"
"3231","0025a8313","3","4","4","3"
"14353","0d150e90c","3","4","4","3"
"5200","f78698cc4","1","4","4","2"
"14972","0deeed2d9","3","4","4","3"
"12592","e6d60a265","2","4","4","2"
"3927","2962fc103","2","4","4","1"
"265","821bd9373","1","1","1","1"
"6923","9223ca4fa","1","1","4","2"
"13907","9488e6011","3","4","4","2"
"13457","93ea39e5f","2","4","4","2"
"11508","4771e1226","3","4","4","3"
"5905","8f42303f4","3","4","4","3"
"12087","0597b1859","2","2","2","2"
"5747","02af3813e","3","4","4","3"
"13418","5a60de180","3","4","4","3"
"10805","c467f8702","2","4","4","2"
"9032","d9f692e74","2","4","4","1"
"6410","c4bcfbb1c","3","3","4","3"
"1461","2ee5073bc","3","4","4","2"
"8526","2d63b7c4f","3","4","4","3"
"3961","a71cafdcf","3","4","4","2"
"1165","7314cb848","3","4","4","3"
"9245","0cf7fae9d","3","4","4","2"
"3145","7013035d9","2","4","4","2"
"14314","fc46e61c5","3","4","4","2"
"14227","737413132","3","4","4","2"
"622","a2ae5fa7d","2","4","4","2"
"11385","abd7dcf2c","3","4","4","2"
"8951","10d83c05d","3","4","4","3"
"12360","40276ec6a","2","2","2","2"
"13551","54b2051c1","3","4","4","2"
"3079","269caf235","3","3","3","3"
"4491","7821d724c","2","4","4","2"
"135","0b819602d","1","1","1","1"
"6494","e849142b2","1","1","1","1"
"1550","c05a9c0c8","3","3","3","2"
"2865","7a8fc4913","2","4","4","2"
"12946","618430208","2","2","2","2"
"11065","c1f16a59a","3","4","4","3"
"4663","96e9f6fd8","2","4","4","2"
"8464","412d7406c","3","3","4","3"
"6225","42d94df4c","2","4","4","2"
"5757","3bc0357ce","1","1","4","1"
"10724","6464f2352","3","4","4","3"
"7244","57b57989d","3","4","4","3"
"1069","9866d1bd1","2","4","4","2"
"4264","f88144b9f","4","4","4","3"
"5109","63f28922e","4","4","4","4"
"5112","b84058aa2","3","4","4","2"
"4556","bf90589d1","3","4","4","3"
"12746","423c5b45f","3","4","4","3"
"10467","de591574b","3","3","4","3"
"13240","0340ac5f7","3","4","4","2"
"6277","a6bc8d1a6","0","0","0","0"
"12289","d8de3a329","3","4","4","2"
"5761","70503cc75","3","4","4","3"
"7826","338d441f4","3","4","4","2"
"7616","e6151d695","3","4","4","3"
"10143","318c35c04","3","4","4","2"
"5212","c05a85bbb","3","4","4","2"
"12850","b4d7cbe8b","3","4","4","3"
"14667","a385cb92a","3","4","4","3"
"11229","ae5f13659","2","2","2","2"
"6469","d1265050f","3","3","4","3"
"2201","e21227d75","3","4","4","3"
"12561","14631d97b","3","4","4","3"
"8971","8bf2cc0a1","3","4","4","3"
"9437","8ccda6476","2","2","2","2"
"10014","c491ec026","3","4","4","3"
"8333","a0c332aaf","3","4","4","2"
"10419","8fd0bd843","2","4","4","2"
"9965","04c9a643d","3","4","4","3"
"14348","bb5917ca8","3","4","4","3"
"2023","339a623c4","1","1","1","1"
"6173","a9e753cc1","3","3","3","3"
"7469","283c4248e","3","4","4","3"
"5557","b7135cf44","3","4","4","2"
"7507","fbb8a0267","2","4","4","2"
"553","2b3ec0f96","1","1","4","1"
"2143","e1cd37f6c","2","4","4","2"
"1323","3bab1eacd","3","4","4","3"
"5458","cb307f308","3","4","4","2"
"8875","6b2fc7a10","3","4","4","3"
"8845","ac8229264","1","4","4","2"
"5760","344b9632c","3","4","4","3"
"2882","662011890","3","4","4","3"
"6359","bbe6ff890","3","4","4","3"
"911","4298e4c15","3","4","4","3"
"14347","e01bb78f2","3","4","4","3"
"6639","ed44605a0","3","4","4","3"
"6868","f0fde0412","3","4","4","2"
"9433","2db012118","2","2","4","3"
"14110","c7e3c3270","3","4","4","3"
"9347","3e25d4fb8","4","4","4","4"
"13621","ef1966105","3","4","4","2"
"718","2b4b4e40c","3","4","4","3"
"13976","c63dc4adb","3","4","4","2"
"3992","2dea0707b","3","4","4","3"
"10110","6480e3454","2","4","4","2"
"1227","96e1f20e7","3","4","4","3"
"7173","e2205b952","3","3","4","3"
"2217","4eba3b5c0","3","4","4","3"
"5146","3f7ef9681","2","4","4","1"
"4056","6ad1d75b2","2","4","4","2"
"11844","f663a91e8","3","4","4","3"
"10835","4e1033fe2","2","4","4","2"
"4702","2fc753430","2","4","4","2"
"7027","148f526cb","3","3","4","3"
"11944","787f3055b","3","4","4","3"
"10552","c16df543f","2","2","2","2"
"7847","8bacce548","3","4","4","2"
"7323","9942bce62","3","4","4","3"
"13857","8509ad722","2","4","4","2"
"560","f17d4ab32","1","1","1","1"
"14300","22e73ac3a","3","4","4","2"
"5018","095de41ba","3","4","4","3"
"13060","ef80d0222","3","4","4","3"
"14527","d8e7caaff","3","4","4","3"
"3837","d0e762abd","2","4","4","2"
"7575","4e33faa32","2","4","4","2"
"10871","07e6b5eae","2","4","4","2"
"12641","89f389a59","1","4","4","1"
"1378","b03c17502","4","4","4","3"
"580","ec7775c4f","1","1","1","1"
"7088","7f6cdf26b","2","2","2","1"
"11187","6e60043fe","3","4","4","2"
"7860","ca28c5e51","2","4","4","2"
"13020","ee7d6cf3f","1","1","1","2"
"8489","876dd37df","3","4","4","3"
"4265","176516c7a","2","4","4","3"
"13795","cd8af1bda","3","4","4","2"
"9778","4622342f4","3","4","4","3"
"13668","b35c61109","2","4","4","2"
"10289","244144067","2","4","4","2"
"8374","1952397d3","3","4","4","2"
"8370","348665874","3","4","4","3"
"9156","93df8b5c7","3","4","4","3"
"2520","5b64325b9","3","3","4","3"
"6743","647fe8d68","3","4","4","3"
"9647","353c89ed3","3","4","4","3"
"10789","8f1b39562","3","4","4","3"
"11014","8cee52ff2","3","4","4","3"
"1381","289112dd5","3","4","4","3"
"14794","e3883d4f0","1","4","4","2"
"9767","e2e5b8ae2","3","4","4","3"
"10191","efd805ea9","3","4","4","3"
"7001","2a36bc3b5","1","1","1","2"
"6127","338ccb571","2","4","4","2"
"4078","6708ff204","3","4","4","1"
"3453","de34278bc","1","1","1","2"
"328","0a8ee7520","3","4","4","2"
"12101","2209979e1","3","4","4","3"
"13850","eb4f09e0e","3","3","4","3"
"6841","6e14e0fa4","3","4","4","3"
"2087","5bfb8da14","3","4","4","2"
"14701","babf0f6cd","3","4","4","2"
"3403","7b052d37d","3","3","4","3"
"174","c737c30d7","3","4","4","3"
"5777","f0133d72c","3","4","4","2"
"12500","91e663cd2","3","3","4","3"
"4559","2932eac8e","3","4","4","3"
"1744","fd2cc8576","3","4","4","3"
"13947","bf6a56d33","3","4","4","3"
"7106","a811da408","2","2","2","2"
"502","044548f89","3","4","4","2"
"7351","2ba019cb8","3","4","4","2"
"6997","596cf7334","2","2","4","2"
"4337","4696fb463","3","4","4","2"
"5863","ad491b969","3","3","3","3"
"11895","f461cc30a","3","4","4","3"
"11340","5781e566b","2","2","2","2"
"5475","e0efe2c72","3","3","3","3"
"13884","9c14d8650","4","4","4","3"
"12810","706d1c836","3","4","4","2"
"14946","bcee746ce","3","4","4","2"
"9739","1d5870131","2","4","4","2"
"11793","1ca147dd8","4","4","4","3"
"5927","222a3f408","2","4","4","2"
"668","77fa5cdd7","1","4","4","2"
"6349","1c9e913d7","3","4","4","2"
"7406","42ea2e045","3","4","4","3"
"14670","0b6022baa","3","4","4","2"
"1607","44817c8f4","3","3","3","3"
"12029","10f1688d4","2","2","4","2"
"1839","29e6c171d","2","2","2","2"
"4250","c23b6bbf6","3","4","4","3"
"2349","d7185ffc1","3","4","4","3"
"8590","e013ab581","2","4","4","2"
"8088","4fc7557be","3","4","4","2"
"5972","7ae269152","3","3","3","3"
"1063","df76ee4c1","3","4","4","2"
"1100","1bb0600a7","3","4","4","3"
"10489","2599e55c5","3","3","3","3"
"14513","bd53ebc9a","2","4","4","2"
"12562","d0b5fece1","3","4","4","3"
"5169","4c6a4b965","3","4","4","2"
"3465","186920165","3","4","4","2"
"9920","94afcd90c","3","4","4","3"
"6682","a8a3c4f49","3","4","4","2"
"2720","082838f84","3","4","4","3"
"6245","f5d79ff56","3","4","4","3"
"9732","0afb7e845","3","4","4","2"
"13518","85327438d","3","4","4","3"
"1906","b8e7085dc","3","4","4","2"
"2408","8660ad37b","3","3","4","2"
"7643","7a5091ca2","3","4","4","3"
"11147","c554f052c","3","4","4","2"
"7927","edc5c168a","3","4","4","3"
"5636","afe326f34","2","4","4","1"
"1635","f45851036","3","4","4","3"
"82","c30dd6e9a","2","2","2","2"
"9251","97dd55a08","3","4","4","3"
"335","eb652ec07","3","4","4","3"
"4166","cb9527612","3","4","4","3"
"11249","409740892","3","4","4","3"
"14579","1a90a4805","3","4","4","3"
"14800","f344595d7","3","4","4","3"
"10576","6f0cbc167","3","4","4","3"
"3279","ae116d640","3","4","4","3"
"2007","f10390965","3","4","4","3"
"4655","9fb8e5e73","3","4","4","3"
"2098","a6e37f91b","3","4","4","3"
"1340","1f96eae14","3","4","4","2"
"4651","ba2d4e877","2","4","4","2"
"11171","836b6e6f3","3","4","4","3"
"11752","f26f1acb2","3","4","4","2"
"504","5d1fa8ddf","3","4","4","3"
"8365","6d95c8ec6","3","4","4","3"
"522","6c48c9154","2","4","4","2"
"8361","7c1f20f6e","3","4","4","3"
"6211","eceb03b88","3","4","4","2"
"10877","21260b18f","1","4","4","2"
"9376","df5f12e58","3","4","4","3"
"2299","9c7917558","3","4","4","2"
"3185","ba8ead296","3","4","4","2"
"3036","bfdde77ff","2","4","4","2"
"4013","4450385b4","3","4","4","3"
"4791","5e3994257","2","4","4","2"
"8017","15b6026b1","3","4","4","2"
"5158","334975a99","3","4","4","2"
"4810","61d4dc56b","3","4","4","3"
"13862","1bff3e46f","3","3","3","3"
"11246","581100fe5","1","1","1","1"
"6278","a6eb71dc0","3","3","3","3"
"7984","79531026f","2","4","4","2"
"4789","62b9cb163","3","3","4","3"
"12076","f5c803412","2","4","4","3"
"11631","6df1895ea","4","4","4","3"
"11668","1e753137d","1","1","1","1"
"11418","fb9b44c0c","3","4","4","3"
"1567","e436c1fad","3","4","4","2"
"7696","21cc6a743","3","4","4","3"
"197","e62e5aa26","2","4","4","3"
"4210","46c44f7bc","3","4","4","3"
"11183","51b7034e6","3","4","4","3"
"4159","124e6af5e","4","4","4","4"
"1027","a81084ff0","3","4","4","3"
"880","f2755d8bf","3","4","4","3"
"10241","9868c3935","4","4","4","4"
"9428","28e14ee81","3","4","4","2"
"13406","23e49bd2e","4","4","4","4"
"9346","785150e60","4","4","4","3"
"6941","cacbb858d","3","4","4","3"
"10919","9ca400496","3","4","4","2"
"6951","db095d92a","3","4","4","3"
"1532","71eb4e3d5","3","4","4","2"
"14571","06fda20a2","3","4","4","3"
"10905","6bb85e53d","3","4","4","3"
"7368","dea0253b6","2","4","4","2"
"181","cd7bea671","2","4","4","2"
"11881","7ff979d3a","3","4","4","3"
"5741","d440e9ebf","2","2","2","3"
"14426","45ea16ef8","2","4","4","2"
"11234","72bfc767c","3","3","3","3"
"14654","93cfea76a","1","1","1","1"
"9179","fa1d3af33","3","3","3","3"
"6848","4595acb4d","2","3","3","2"
"4073","243aaaf6c","3","4","4","3"
"14397","ee2e82f01","3","4","4","3"
"2083","83ea92fcc","2","2","2","2"
"9231","4e974f807","3","4","4","3"
"2227","b28951b61","3","4","4","3"
"10786","3d751fe45","3","4","4","3"
"9449","59c474c59","2","4","4","3"
"12020","1ce37d745","3","4","4","2"
"618","13d0266c5","3","4","4","3"
"14359","cbfaa79cb","3","4","4","3"
"5160","7f9f1a2d0","3","4","4","3"
"12816","e2aa20dbd","4","4","4","4"
"12595","36dd5c626","0","0","0","0"
"2072","cec78d912","2","4","4","2"
"6171","9500cfff0","3","4","4","3"
"6846","15f00daac","3","4","4","3"
"12988","b2b06e1fc","3","4","4","3"
"945","05935bf08","3","4","4","2"
"2000","89dd8e9e9","3","3","4","3"
"13691","ff8e4c708","3","3","4","3"
"1222","c9ff29578","3","4","4","2"
"854","62b2ac9fd","3","3","3","3"
"2740","b85cdc8a5","1","1","4","1"
"7343","307b61689","3","4","4","2"
"12094","d96987111","2","2","1","2"
"7776","09b7cd500","3","4","4","3"
"4870","0cc3e27b5","3","4","4","3"
"9714","16748bcd7","3","4","4","3"
"7467","38733d0a1","3","4","4","3"
"12151","22d381889","3","3","4","3"
"9415","16ce3524b","3","4","4","3"
"7290","f4cff3785","3","4","4","3"
"13193","141b5d279","3","4","4","3"
"947","6c5f1f0a3","4","4","4","4"
"1243","63ddd39f4","3","4","4","3"
"8207","4a56ae509","3","4","4","3"
"9711","15f0dc937","1","4","4","2"
"8772","dcb0314b0","3","4","4","3"
"14487","5e1c81876","4","4","4","3"
"13706","a4c8f64c1","3","4","4","2"
"1347","245434d5d","3","4","4","3"
"8477","36f1c9d61","3","4","4","2"
"5922","fb9ae7d12","3","4","4","2"
"7729","f3629735d","3","4","4","3"
"121","c61f6507e","3","4","4","3"
"12274","96ad2141c","3","4","4","2"
"10412","98bb9d9dc","3","4","4","2"
"4898","6dd6363f0","3","4","4","3"
"1730","b663299dc","2","4","4","2"
"14542","850cb2e50","3","4","4","3"
"13949","cd9d97bc8","3","4","4","3"
"6356","0497f7012","2","4","4","1"
"7221","d7c6e0401","3","4","4","3"
"5163","40fbb932c","3","4","4","3"
"8695","39e0cc98e","2","4","4","2"
"5520","cff9a1fec","3","4","4","3"
"14416","9fe4f4b78","3","4","4","2"
"953","fb0180584","3","4","4","3"
"13754","337405507","4","4","4","4"
"10975","24dbfaf39","3","4","4","2"
"10873","9fd0556db","3","4","4","3"
"14648","9f48a8fe6","3","4","4","3"
"5042","8673a672d","3","4","4","3"
"10572","94aec9453","3","4","4","3"
"1559","8ff66c239","3","4","4","3"
"6312","4792b6d06","0","0","0","0"
"11934","a3a0fa212","3","4","4","3"
"2616","89a41673f","1","1","1","1"
"4146","d0e2179a6","3","4","4","3"
"4183","233ddf40c","4","4","4","2"
"14135","9bd0992bc","3","4","4","3"
"13351","6f14bc8cd","3","4","4","2"
"433","fcd21f3ec","3","4","4","3"
"14358","6e60c80ab","3","4","4","3"
"8075","93cdb10e6","2","4","4","3"
"1961","24d3b54ec","1","4","4","2"
"2659","a952a211e","2","2","1","2"
"2936","91efb738a","3","4","4","3"
"3829","b652b7241","3","4","4","2"
"9696","c18a1acc6","3","4","4","2"
"6931","9d20353ed","3","4","4","3"
"14974","941880ea3","2","4","4","2"
"13049","76024f2ed","3","4","4","3"
"13705","e6e536800","3","4","4","3"
"13550","94b6d93ea","3","4","4","3"
"1975","b5ff2b987","1","1","1","1"
"2295","51741c1b7","3","4","4","3"
"2337","8a804d93c","3","4","4","2"
"8056","5407c6e1a","3","3","3","3"
"10099","0a6362374","3","4","4","2"
"9642","bec6fb5cd","3","4","4","2"
"13596","22e9d72ce","1","1","1","1"
"5733","ab41920c4","3","4","4","3"
"11799","bc7b17cd5","1","4","4","1"
"1646","42444811d","3","3","4","3"
"4102","1a983eced","3","4","4","2"
"9161","f72db59b3","3","3","3","3"
"11743","b71eb2942","1","1","1","1"
"4187","6ce40c2bf","3","4","4","3"
"3722","27ab49f1a","2","2","2","2"
"3395","f8c6ed1a5","2","4","4","2"
"2487","879ce67b8","3","4","4","3"
"260","1c59cecac","3","3","1","3"
"2680","94ec1c180","3","3","3","3"
"7388","ca35f4b19","3","4","4","2"
"3531","c960b413e","4","4","4","4"
"1659","65b46ef09","3","4","4","2"
"6254","615213076","1","1","1","1"
"11176","af9325798","2","4","4","2"
"7059","7e8101664","3","4","4","3"
"362","9b721dcaf","3","4","4","3"
"5250","3a14fbb8e","3","4","4","3"
"13410","af0494f60","3","4","4","3"
"13593","437bda050","3","4","4","2"
"9323","871ea8021","1","4","4","2"
"10757","cdd815db9","3","4","4","3"
"4775","29e2ac645","2","4","4","2"
"5017","26161bad4","1","1","4","2"
"2189","9e2039291","2","4","4","2"
"2648","d30dcea91","3","3","3","3"
"11212","f98e4f7b6","1","4","4","2"
"5597","ae219ff80","2","2","2","2"
"6436","8cb5fc48e","2","2","2","2"
"5164","f22aae8af","3","4","4","3"
"86","867308404","2","2","4","2"
"6363","3029fcad6","3","4","4","3"
"11474","7b79e52f0","2","4","4","2"
"3634","68ab069e3","3","4","4","3"
"10074","9725fc542","3","4","4","3"
"2846","abe9e2d91","3","4","4","2"
"614","488bfc285","3","4","4","2"
"10888","b8215b5e3","2","4","4","2"
"6472","682cbe0f9","3","4","4","3"
"6531","72896003b","3","4","4","3"
"548","6f93a41c5","3","3","3","3"
"9648","139f58538","1","4","4","2"
"13093","d2f333b86","3","3","3","3"
"10699","021cb10fb","3","4","4","2"
"3234","2e417850b","3","3","3","3"
"10118","41e4cc1de","3","4","4","3"
"10170","1b7d01262","3","4","4","3"
"12875","854edf08f","2","4","4","2"
"12424","507db6e4f","3","4","4","3"
"5291","0a0e8c15b","3","4","4","3"
"3593","6ef7f0012","3","4","4","2"
"8404","4ea31a03a","3","4","4","3"
"8980","64ca585d9","3","4","4","3"
"5484","18a87116d","3","3","3","3"
"5543","27cd530db","3","4","4","3"
"3091","c7c489413","3","4","4","2"
"9983","0fa6ba30b","3","4","4","3"
"10364","2023404f9","3","4","4","3"
"4579","2c3d7804c","3","4","4","3"
"10811","6276a846c","3","4","4","3"
"13544","4a56df934","3","4","4","3"
"12270","8e3b1dcd1","3","4","4","3"
"418","fb3bd80d1","2","2","2","2"
"13717","4a0d03a9f","3","4","4","3"
"4862","4fcd7cfe0","2","2","2","2"
"6516","fb9783859","3","4","4","3"
"10262","804c6c78d","3","4","4","3"
"7518","899859c9b","3","3","4","3"
"12474","553752e54","3","3","3","3"
"11201","b67a29908","4","4","4","2"
"12339","f3b29563b","4","4","4","4"
"13362","ccbd1f9fc","3","4","4","3"
"14107","4db45721a","3","4","4","3"
"7163","cd9de4e83","2","2","2","2"
"4515","861d65847","4","4","4","3"
"2678","f3367a65d","2","4","4","2"
"2300","8a9a4edd7","3","4","4","2"
"5781","91e996718","3","4","4","2"
"490","d8128cefd","3","4","4","3"
"1228","15a491e20","3","3","3","3"
"8598","1c901d8d7","4","4","4","3"
"9272","dde3750a1","3","4","4","3"
"3407","10516f3c6","3","4","4","3"
"719","e7fbd95a9","3","4","4","2"
"3536","2ad6c7675","2","4","4","2"
"4236","3a682b74e","3","4","4","2"
"5995","d56fbda82","2","2","2","2"
"4745","b6c338f94","3","4","4","3"
"4958","0ef640aaf","3","4","4","3"
"5481","b7809d0dd","1","1","1","1"
"2761","eeaa5c53c","3","4","4","2"
"14274","e5a2e7156","2","2","2","2"
"5801","656c5e0ff","3","4","4","3"
"6405","b1d2cb34d","3","4","4","2"
"10844","5f5d44f43","3","4","4","3"
"11354","acf289a37","3","4","4","2"
"7165","ca7aa9eec","3","4","4","3"
"10926","cb8cce181","3","4","4","3"
"13315","4512e1ea8","3","3","3","3"
"6754","89cefaa7b","3","4","4","3"
"2412","a0fb6cd44","2","2","2","2"
"5444","254dd6ba7","2","2","2","2"
"1050","085c9be4a","3","4","4","3"
"5173","ebf5e5e77","3","3","4","3"
"12002","b686d33cd","3","4","4","3"
"9825","efbe1f3ef","3","4","4","3"
"14766","62332ea2c","3","4","4","3"
"14070","fea9183f6","3","4","4","3"
"11361","25fb57849","1","1","1","1"
"12527","686b90dfc","2","4","4","1"
"5317","db6082ae6","3","4","4","3"
"14201","2fcbb6376","3","4","4","3"
"5809","b7006ed96","1","3","3","2"
"12468","429019089","3","4","4","3"
"1574","bee25f46d","2","4","4","2"
"7185","4dc936ac7","2","4","4","2"
"4195","c228bf013","3","4","4","3"
"1632","a483f0d49","3","4","4","3"
"1143","798f4a1e4","3","4","4","3"
"2497","b147d1870","3","4","4","3"
"2818","83d36f269","3","4","4","3"
"10955","ac813296c","3","4","4","3"
"1196","6366b7f4a","3","4","4","2"
"12301","2352b7f0e","3","4","4","3"
"1208","6d4bdde4c","3","4","4","3"
"8788","8ebe54ca6","2","2","2","2"
"4788","10eea956d","3","4","4","3"
"12942","9414e54b1","2","4","4","2"
"9900","5b928c0a6","3","4","4","3"
"8497","f60779a3b","2","4","4","2"
"10424","d3bafdff5","2","4","4","2"
"13259","35296e056","3","3","4","3"
"10803","a65b11deb","3","4","4","2"
"14971","82ee2f3e9","3","4","4","3"
"4098","4540f8e9c","3","4","4","2"
"6686","a5d08e982","4","4","4","3"
"14250","d4850786d","3","4","4","3"
"14260","92d2ebdff","3","4","4","3"
"13673","ffb315803","3","4","4","2"
"8316","ab2254697","3","4","4","3"
"14789","9d466bbca","3","4","4","3"
"13627","60786724b","4","4","4","3"
"9307","10124968c","1","3","3","2"
"8312","c5a7f7d69","4","4","4","2"
"13646","945a6fa56","3","4","4","3"
"304","6cb5381cb","4","4","4","4"
"1109","a2edd6e44","1","4","4","1"
"10093","3ff737b0e","2","4","4","2"
"1609","8867ee30a","3","4","4","2"
"1016","7330b19a5","3","4","4","2"
"3061","de61ca522","3","4","4","3"
"8059","e3b589e13","3","4","4","3"
"2914","ffef9a2af","3","4","4","2"
"4211","d38ce48c2","3","4","4","3"
"5769","4ffa77f1c","0","4","4","1"
"6316","2d6d161a9","2","4","4","2"
"4834","96cbe1e48","3","4","4","3"
"11472","5e5038eb5","3","3","3","3"
"14469","8e6e57951","2","2","2","2"
"13263","63f2faf77","3","4","4","3"
"138","1dfadc371","3","4","4","3"
"9975","67db5accd","3","4","4","2"
"12445","a46ad5cc3","1","4","4","2"
"1054","f03979157","2","4","4","2"
"812","a58d8080b","2","4","4","2"
"9516","2eaab0cb1","3","4","4","3"
"9952","e5155cda1","2","4","4","2"
"10608","584ba2890","3","4","4","3"
"1281","0fe58286d","2","4","4","3"
"5501","cfd4c95d9","3","3","4","3"
"3692","cb05f298c","2","4","4","2"
"12344","fe22cc3da","3","4","4","3"
"14391","6a7310588","3","3","3","3"
"8039","237343008","3","3","4","3"
"8554","4518f180e","4","4","4","3"
"3808","7adb5f44c","2","2","2","2"
"12893","5b554c6e3","2","4","4","2"
"13973","9b7f2424f","3","4","4","2"
"5780","ce0294cec","3","4","4","2"
"3641","89bec6af3","2","2","2","2"
"7656","a31d58f0a","4","4","4","3"
"11093","40ea976de","2","2","2","2"
"11911","f982548b8","3","4","4","3"
"3524","390f4fae4","3","4","4","2"
"3826","070014779","3","4","4","3"
"11963","aded1fafc","3","3","4","2"
"3895","a85630773","4","4","4","3"
"14295","10a093758","3","3","3","3"
"3454","0fd78af13","2","2","2","2"
"10488","4dfd61242","4","4","4","4"
"5442","01f4746ef","3","3","4","3"
"13772","5357633c0","3","4","4","2"
"10768","67994352b","3","4","4","2"
"14830","fe726b9d1","3","4","4","2"
"9290","640dbb3b6","3","4","4","3"
"11214","eda903960","3","3","3","3"
"13469","a4e4b1640","3","3","3","3"
"5315","5cd76da7d","2","2","4","2"
"7760","bc6d86a40","3","4","4","3"
"6655","442f853b2","2","4","4","2"
"12750","081c0a12d","3","4","4","2"
"11346","b34a57b41","4","4","4","3"
"13723","cff0d8c7b","3","4","4","3"
"7764","672e9e752","2","2","2","2"
"10808","44bc5f67c","2","2","2","2"
"14498","b0d64a249","3","4","4","3"
"438","86afe98e6","1","4","4","2"
"2303","ea6d8cb1d","3","4","4","2"
"6601","d23a1962d","3","4","4","3"
"14844","52db8f887","3","3","4","3"
"12119","25e0e0edf","2","2","4","2"
"6824","4409a68b9","3","4","4","2"
"14820","2caa6639a","3","4","4","2"
"562","489d05a55","3","4","4","3"
"3635","9922b4f91","3","4","4","2"
"1558","a9e96f77b","3","4","4","2"
"2679","8cf927527","3","4","4","3"
"9850","5a4b6ea39","1","4","4","2"
"3860","338bc4bcd","4","4","4","4"
"10838","91b088719","3","4","4","3"
"2166","5e8872259","3","4","4","3"
"8663","365f29337","4","4","4","3"
"1722","02cd64831","1","4","4","2"
"12577","9d8e820b0","3","3","3","3"
"1684","859426703","3","3","4","3"
"1721","68f3cfdcb","2","4","4","2"
"13227","b76e8c452","2","4","4","2"
"10750","351d29156","3","4","4","2"
"9329","e2b705117","3","3","4","3"
"12900","ea02306b2","3","4","4","3"
"7591","b8fda5b3b","3","4","4","3"
"8046","0b501f1d8","1","4","4","2"
"7371","64da323a1","3","4","4","3"
"9815","ce3a876b1","3","4","4","3"
"1471","0a9f9f178","2","4","4","2"
"11786","c18984292","3","4","4","3"
"3630","4baa2968b","3","4","4","2"
"1174","ff832cb7e","2","4","4","2"
"3155","d4bb8cf0a","3","4","4","2"
"5663","6c121d784","2","2","2","2"
"2322","619f26bfc","3","4","4","3"
"11041","2dc54e9fd","3","4","4","3"
"6755","b0e26c028","2","4","4","3"
"691","694caa813","4","4","4","4"
"14017","425804cd2","2","4","4","2"
"8372","c47c94411","3","3","4","3"
"7709","6d994c50c","2","4","4","2"
"5166","d17892c89","2","4","4","2"
"11734","cad25c91b","3","3","4","3"
"13474","e3a372f31","3","4","4","3"
"3915","039fea576","3","4","4","3"
"11856","798a0cb05","4","4","4","4"
"9539","e31e27ce7","3","4","4","3"
"350","4574e3de4","2","4","4","2"
"14462","c44215cc8","2","2","2","2"
"10063","2ddad75c0","3","4","4","3"
"4839","29b60faaa","4","4","4","4"
"10436","583d4b36c","3","4","4","3"
"14267","66038a4b3","3","4","4","3"
"454","c8208c3c9","2","4","4","2"
"13587","cbef1e6db","3","4","4","3"
"1962","43156136a","3","4","4","2"
"5488","8a01ffaa7","3","4","4","3"
"13718","f4060848e","3","4","4","3"
"13026","3005b75eb","3","4","4","3"
"7875","f74b89005","1","4","4","2"
"9794","d29627289","3","3","3","3"
"10277","5f9a836f8","3","4","4","3"
"4608","b477ad589","3","4","4","3"
"8623","3947180ba","3","4","4","3"
"12017","8d676283f","2","4","4","2"
"6539","67e41958c","2","4","4","2"
"13373","7915144f9","3","4","4","2"
"8721","69ae5dba1","4","4","4","3"
"11235","bde40e198","2","2","4","2"
"6583","fe19d134c","3","4","4","2"
"4997","3cf0fcd34","3","4","4","3"
"2568","fff6f2f61","1","1","1","1"
"9836","8a9c5472e","3","4","4","2"
"11559","0e6b24bc4","4","4","4","4"
"1046","da8d4a273","3","4","4","3"
"1835","829ea64cc","3","4","4","2"
"4673","1565d09ad","3","4","4","2"
"9784","d71310023","2","4","4","2"
"8170","8dfb61116","3","4","4","3"
"6961","d2512e37a","2","4","4","2"
"11006","419d296e7","3","4","4","3"
"10339","c6d378000","3","3","4","3"
"14917","485887f4c","2","4","4","3"
"5257","a56d6eceb","2","4","4","2"
"14036","c278935de","2","4","4","2"
"10591","6f1e6e8ed","2","4","4","2"
"13913","0142670c8","3","4","4","3"
"12811","c4e1afd9e","2","4","4","2"
"11406","f98d0ea9b","2","4","4","2"
"2524","92fae4396","4","4","4","4"
"12943","a01ad9084","4","4","4","4"
"11420","f61e89a28","3","4","4","3"
"2844","ab17ce306","3","4","4","2"
"933","d01e08ee2","3","3","3","3"
"13941","5c62b4a8e","3","4","4","3"
"3432","2405c5660","2","4","4","1"
"1513","96ba0193d","1","4","4","1"
"12117","d6335be38","3","4","4","2"
"4065","1dc8f0fd4","3","3","4","3"
"13928","9fab4e65f","3","4","4","2"
"5489","f99231609","3","3","4","3"
"1393","4544aecf7","3","4","4","3"
"14436","53c0ebe89","3","4","4","3"
"10320","97094f7ec","3","4","4","3"
"3789","a76fa694e","3","4","4","3"
"3207","a9f6ed0cb","3","4","4","3"
"8664","b9086e44f","3","3","3","2"
"7694","0ac279a25","3","4","4","3"
"6056","894d76b65","3","4","4","3"
"5544","e9b1363e5","3","4","4","3"
"349","9c87d70e5","3","4","4","3"
"11308","b89a89c58","2","4","4","2"
"6773","e42dea43d","3","3","3","3"
"3455","e348d720a","2","2","2","2"
"9845","e9a379c0e","3","3","3","3"
"12260","267162afd","3","4","4","3"
"13073","a97a37056","3","4","4","2"
"5983","833408fc5","3","4","4","3"
"2544","1b154dffa","2","4","4","2"
"3610","09dd22091","3","4","4","3"
"2891","6dbb13673","1","3","3","1"
"9605","9c5feed55","1","1","1","1"
"7057","400a15912","2","2","1","2"
"6454","196195aee","3","4","4","2"
"8707","62ad62e0a","3","4","4","3"
"5060","38ed119b6","3","4","4","3"
"14261","8189ff9ac","3","4","4","3"
"14703","6b240dd0b","3","4","4","3"
"11997","01c7411ef","4","4","4","3"
"1468","467aed7e3","3","4","4","3"
"14658","3fc2f9495","3","4","4","3"
"14945","a9772bfa3","1","1","1","1"
"13221","31b7a54b6","3","4","4","3"
"13507","4ce29bb83","1","1","1","1"
"12341","b7f781c99","3","4","4","1"
"3275","0510d2767","1","1","1","1"
"8770","97a80f8b3","3","4","4","3"
"4390","1c3f79b11","3","4","4","2"
"8582","4bef58278","1","1","1","2"
"11819","dd55841d4","2","4","4","2"
"9851","9c714104f","3","3","3","3"
"671","c5e4cfab0","3","4","4","2"
"5026","21a56b530","2","4","4","1"
"4435","c78cc1272","3","4","4","3"
"10692","1055034eb","1","1","1","1"
"9671","645914c88","1","4","4","2"
"3872","0ab8ae91b","3","4","4","3"
"1173","eabef1496","3","4","4","3"
"10798","33826a08a","3","4","4","2"
"3448","d5ee02201","2","2","2","2"
"7145","180b3f500","3","3","4","3"
"2043","63dad490d","2","4","4","2"
"6120","0e6f26f19","3","4","4","3"
"7720","04a5f717a","2","4","4","2"
"8197","4133efff0","3","3","3","3"
"10974","27eedd440","3","3","3","3"
"9527","4b9f45715","3","3","4","2"
"2935","cab92d5a3","4","4","4","3"
"7836","31e266863","3","3","3","3"
"1540","58c5f739c","2","4","4","2"
"8479","215345b52","3","4","4","3"
"4895","cf162bb42","2","4","4","2"
"11165","45fd43894","3","4","4","3"
"8421","bf7c0f270","3","4","4","3"
"420","1a1283447","3","4","4","3"
"6911","158b502d3","2","2","2","2"
"3166","51226d067","2","4","4","2"
"14144","2172fb9fa","1","1","1","1"
"7669","fc7b01af6","3","4","4","3"
"6885","a36b60379","1","4","4","2"
"442","91c2159dd","3","4","4","3"
"870","502c3e7ae","3","4","4","3"
"6869","f017041ca","3","3","3","2"
"4969","5bfbb098d","2","4","4","2"
"8239","abdba6d36","3","4","4","3"
"9050","98d3a24b8","4","4","4","3"
"9950","48317c9e5","3","4","4","2"
"2383","05c46d875","3","4","4","3"
"1774","c161afd26","3","4","4","3"
"10916","54ec12bf6","3","3","4","3"
"11854","23ab1d5b8","3","4","4","3"
"14793","bec2fe7ad","3","4","4","3"
"10611","0864eb66d","3","4","4","2"
"10443","92fa4a896","3","4","4","3"
"11552","f824e33a8","3","4","4","3"
"9833","c4ff3b712","2","2","2","2"
"7749","411bba4e8","3","4","4","3"
"2413","de993a4c9","3","4","4","3"
"10882","39816161d","1","1","1","1"
"2446","c3208c19d","3","4","4","3"
"11090","a40a8c0ce","3","4","4","3"
"6990","8ab591301","3","4","4","3"
"13349","9a627ad95","3","4","4","3"
"9933","a97a679b0","3","4","4","3"
"6582","e70a2beb6","3","4","4","2"
"14432","c56dc5726","3","4","4","3"
"5303","7f6779706","3","4","4","2"
"10760","14bf62107","3","4","4","3"
"7112","db77fdb46","3","4","4","3"
"12596","0e5d845dc","3","3","4","3"
"5755","355e8bc38","3","4","4","3"
"3062","68a4cd579","2","4","4","2"
"7584","8ccaceef5","3","4","4","3"
"13055","47d68f63c","3","4","4","3"
"12001","15b27df66","4","4","4","3"
"7542","106128c56","3","4","4","3"
"6314","6dcff2b5b","2","4","4","2"
"14884","09f75d8e1","3","3","3","3"
"2211","2edeb7931","1","4","4","2"
"6468","0ac81fcc4","3","4","4","2"
"13091","018e4d193","3","4","4","3"
"7070","da4b60344","2","4","4","2"
"1786","ea65fe96c","3","4","4","3"
"2148","217fcf5f1","3","4","4","3"
"10858","58bfbd845","3","4","4","3"
"2094","7d73574ed","3","4","4","3"
"14173","6fc2970d6","1","1","1","2"
"8330","9c4af0f83","3","4","4","3"
"14236","d0ef38cff","4","4","4","4"
"4259","4f7bfcb68","3","4","4","3"
"5334","da34209ec","3","3","3","3"
"4061","42e73a942","3","4","4","3"
"1440","1b71de34e","3","4","4","3"
"12479","f08b9d3c3","3","4","4","3"
"7060","8a4c95abd","3","4","4","2"
"2599","15bcbb6e2","3","4","4","3"
"5236","a6fbe0f38","4","4","4","2"
"12207","98231df17","3","4","4","3"
"3499","1d20ba693","2","2","4","2"
"14563","ec794cf89","3","4","4","2"
"6657","c85f29411","3","4","4","3"
"13238","cd2b84b66","3","4","4","3"
"14714","cb14d1ba1","4","4","4","4"
"12125","8bc346340","4","4","4","4"
"1334","9ebf6e448","2","2","2","2"
"934","fc4b199fa","3","4","4","3"
"4722","68d7d01d0","4","4","4","3"
"5454","72b0d2b06","2","4","4","2"
"1065","78ad8f1a2","1","1","1","1"
"7688","a2cd5b78a","3","4","4","3"
"14601","17d90c2d9","3","4","4","3"
"5844","baf60f1bb","3","4","4","3"
"883","0e8c2a1aa","3","4","4","3"
"7099","839404d8c","1","1","4","2"
"8636","33ed78569","3","4","4","3"
"13256","e49b7c262","2","2","2","2"
"27","85fc3c314","1","1","1","2"
"9612","437b01de4","3","4","4","3"
"463","f8d831236","3","4","4","3"
"12488","a6416e28a","3","4","4","3"
"10205","23463f8a8","3","4","4","2"
"6005","078a26f06","3","4","4","2"
"10884","90983a905","4","4","4","4"
"7474","e74a85e34","3","4","4","3"
"3055","dd9bf8c28","3","4","4","3"
"9640","8685b7512","3","4","4","3"
"1217","7439df9c4","3","4","4","3"
"7162","4bdc7be69","1","1","1","1"
"14979","ac6d69d99","3","4","4","3"
"14010","38a7b1842","3","4","4","2"
"8726","13efc38c1","2","4","4","2"
"11427","09d9212f5","2","2","4","2"
"4465","0b6457bf5","3","4","4","3"
"2058","60bbc32b6","3","4","4","3"
"11885","a6992bbc5","3","4","4","3"
"10065","7413a61ae","3","4","4","3"
"12821","b31d0dd8d","3","4","4","3"
"1541","505ef85e6","3","4","4","2"
"13644","31a2e04d7","3","4","4","3"
"5796","39e0f5513","3","4","4","2"
"8645","288445cbd","3","3","4","3"
"14461","75b13bc88","1","1","1","2"
"3884","2868f9f3f","4","4","4","3"
"3816","c267a86af","3","4","4","3"
"7678","8af959627","4","4","4","4"
"5095","732a2ed35","2","4","4","2"
"42","8ee223a17","3","4","4","2"
"14709","48a2630a1","2","4","4","2"
"8856","bf190a061","4","4","4","3"
"561","97dc6aa32","2","2","1","2"
"13845","ebdf19959","4","4","4","4"
"3783","443682c9f","3","4","4","3"
"4591","745fd19b8","3","4","4","3"
"4279","fcb911968","2","4","4","2"
"2722","5042c6414","3","4","4","2"
"7630","6ebcc7756","4","4","4","3"
"7312","d90bd59c3","3","4","4","3"
"8401","9e3e99760","3","4","4","3"
"6024","37965a7c3","3","4","4","2"
"9442","4427541c0","4","4","4","3"
"11703","a678a4342","1","1","1","1"
"14497","9625d0998","3","4","4","3"
"9452","b41fd3816","3","3","3","3"
"4533","447233a49","2","4","4","1"
"11708","5ccf203a3","3","4","4","2"
"12494","2d725d001","1","4","4","2"
"13325","a0322013c","3","4","4","3"
"7485","298feb02b","3","4","4","3"
"7854","23ed3e349","3","4","4","3"
"5583","b504fc3b5","3","4","4","2"
"31","1a76190c5","1","1","1","1"
"7016","6c61c33ee","3","3","3","3"
"2114","b630ac493","3","4","4","3"
"11194","799a41eba","2","2","2","2"
"11927","31b919935","1","1","1","1"
"8054","05f84991b","2","4","4","2"
"11605","e7f5a8bd0","2","4","4","2"
"2874","03e5bf50b","3","4","4","3"
"5673","c37d5c957","3","4","4","3"
"829","64568c4a6","3","4","4","3"
"14131","e8e2a6a8d","3","4","4","2"
"10498","0ed23a049","1","1","1","1"
"12065","85d242c14","2","4","4","2"
"3428","46b9595d0","3","4","4","3"
"11711","637186543","3","4","4","3"
"10165","42d06aa80","3","4","4","3"
"2254","552ac34a1","3","4","4","3"
"4690","08d198666","3","4","4","3"
"12050","d02baef01","3","4","4","3"
"7843","f71d5c047","3","4","4","3"
"6470","62d911513","2","4","4","2"
"7600","4cc05c35d","3","4","4","3"
"9312","bddd63050","1","4","4","2"
"14220","a2e22831f","3","4","4","3"
"5582","3b939b40c","3","4","4","3"
"4551","7cf37c7e2","2","2","2","2"
"7051","95fc36030","3","3","3","3"
"11050","848b83b62","3","4","4","2"
"13023","261a88440","4","4","4","3"
"12580","d4066ef07","3","4","4","3"
"5123","97dc40c6f","2","2","2","2"
"6782","19982272a","1","4","4","1"
"7871","c1ed7562f","3","4","4","3"
"11251","ab67afee5","3","4","4","3"
"3419","1a676ca88","3","4","4","3"
"2206","f45beac10","1","1","4","2"
"5015","830b62870","3","3","4","3"
"12526","8a0cfdd56","4","4","4","3"
"928","a79fe858d","3","4","4","3"
"6368","cba2fb07e","3","4","4","3"
"3503","d7331834d","3","4","4","3"
"13139","506bacb46","2","4","4","2"
"10452","2b666036a","3","4","4","3"
"12971","eed4b685b","2","2","2","2"
"4352","e0a797901","3","4","4","3"
"2902","cb256c605","3","4","4","3"
"6174","fe18635ce","3","4","4","2"
"3067","ba433a9d3","3","4","4","3"
"2771","2560aee80","3","4","4","3"
"2444","01dac4b22","3","4","4","3"
"14634","f9e3a51c1","3","3","3","3"
"10626","aeb15ed5b","2","2","2","2"
"14164","7276be56b","3","4","4","3"
"8155","c1db71d88","2","4","4","2"
"14543","4645fcfae","4","4","4","3"
"6040","65e386742","3","4","4","2"
"12182","07227963b","2","4","4","2"
"10147","80599c4f4","2","4","4","2"
"5664","af1c2888d","1","1","1","1"
"14989","dc0935a84","3","4","4","2"
"10749","fde58f7fa","3","4","4","2"
"12315","8daa38a67","2","2","2","2"
"1022","f93283e0c","3","4","4","3"
"11707","8cfcbd9bb","1","1","1","1"
"839","da5ae6aa9","2","4","4","2"
"957","01ba4e94d","3","4","4","3"
"2333","a58fef87c","3","4","4","3"
"6449","e87214dd2","3","4","4","3"
"11159","6d11e6213","3","4","4","3"
"4658","01c202740","4","4","4","4"
"7992","6cfd5f1b5","3","4","4","3"
"13366","e877b448c","3","4","4","3"
"10468","b4fb9949b","3","4","4","2"
"3417","f4614847a","2","4","4","2"
"9395","44ab64cad","3","4","4","2"
"12741","7dc33902f","3","3","3","3"
"9735","fb1a745e6","4","4","4","4"
"6265","daa73505c","4","4","4","4"
"5187","41a7d5bc2","2","4","4","2"
"13191","6774f84e3","3","3","3","3"
"11739","6df28d790","2","4","4","2"
"13984","911464bd8","2","2","2","2"
"6572","15721ae3c","3","4","4","2"
"10348","1b8ef81e3","3","3","4","3"
"7791","228e88a51","3","4","4","3"
